-- MySQL dump 10.13  Distrib 5.7.26, for Linux (x86_64)
--
-- Host: 192.168.202.174    Database: translate_01
-- ------------------------------------------------------
-- Server version	5.7.24-0ubuntu0.16.04.1

/*!40101 SET @OLD_CHARACTER_SET_CLIENT=@@CHARACTER_SET_CLIENT */;
/*!40101 SET @OLD_CHARACTER_SET_RESULTS=@@CHARACTER_SET_RESULTS */;
/*!40101 SET @OLD_COLLATION_CONNECTION=@@COLLATION_CONNECTION */;
/*!40101 SET NAMES utf8 */;
/*!40103 SET @OLD_TIME_ZONE=@@TIME_ZONE */;
/*!40103 SET TIME_ZONE='+00:00' */;
/*!40014 SET @OLD_UNIQUE_CHECKS=@@UNIQUE_CHECKS, UNIQUE_CHECKS=0 */;
/*!40014 SET @OLD_FOREIGN_KEY_CHECKS=@@FOREIGN_KEY_CHECKS, FOREIGN_KEY_CHECKS=0 */;
/*!40101 SET @OLD_SQL_MODE=@@SQL_MODE, SQL_MODE='NO_AUTO_VALUE_ON_ZERO' */;
/*!40111 SET @OLD_SQL_NOTES=@@SQL_NOTES, SQL_NOTES=0 */;

--
-- Create database `translate_01`
--
CREATE DATABASE IF NOT EXISTS translate_01 default charset utf8mb4 COLLATE utf8mb4_general_ci;
USE translate_01;

--
-- Table structure for table `advices`
--

DROP TABLE IF EXISTS `advices`;
/*!40101 SET @saved_cs_client     = @@character_set_client */;
/*!40101 SET character_set_client = utf8 */;
CREATE TABLE `advices` (
  `id` int(11) NOT NULL AUTO_INCREMENT,
  `t_app_id` int(11) NOT NULL,
  `user_name` varchar(20) NOT NULL,
  `objection` varchar(255) DEFAULT NULL,
  `created_at` timestamp NULL DEFAULT NULL ON UPDATE CURRENT_TIMESTAMP,
  `updated_at` timestamp NULL DEFAULT NULL ON UPDATE CURRENT_TIMESTAMP,
  PRIMARY KEY (`id`)
) ENGINE=InnoDB AUTO_INCREMENT=6 DEFAULT CHARSET=utf8 ROW_FORMAT=DYNAMIC;
/*!40101 SET character_set_client = @saved_cs_client */;

--
-- Dumping data for table `advices`
--

LOCK TABLES `advices` WRITE;
/*!40000 ALTER TABLE `advices` DISABLE KEYS */;
INSERT INTO `advices` VALUES (1,5,'测试人员','意义','2019-06-04 09:28:51','2019-06-04 09:28:51'),(2,7,'测试人员','予以','2019-06-04 09:29:59','2019-06-04 09:29:59'),(3,8,'peter','WrongDescription','2019-06-05 05:47:13','2019-06-05 05:47:13'),(4,21,'mm','Wrong','2019-06-06 06:06:45','2019-06-06 06:06:45'),(5,15,'周洁','Wrong','2019-06-06 10:30:58','2019-06-06 10:30:58');
/*!40000 ALTER TABLE `advices` ENABLE KEYS */;
UNLOCK TABLES;

--
-- Table structure for table `export_version`
--

DROP TABLE IF EXISTS `export_version`;
/*!40101 SET @saved_cs_client     = @@character_set_client */;
/*!40101 SET character_set_client = utf8 */;
CREATE TABLE `export_version` (
  `id` int(11) NOT NULL AUTO_INCREMENT,
  `t_appove_id` int(11) NOT NULL,
  `version_id` varchar(40) COLLATE utf8_bin NOT NULL,
  `product_id` int(11) NOT NULL,
  `status` int(1) NOT NULL DEFAULT '0',
  `user_name` varchar(20) COLLATE utf8_bin NOT NULL,
  `created_at` timestamp NOT NULL DEFAULT '0000-00-00 00:00:00' ON UPDATE CURRENT_TIMESTAMP,
  `updated_at` timestamp NOT NULL DEFAULT '0000-00-00 00:00:00' ON UPDATE CURRENT_TIMESTAMP,
  PRIMARY KEY (`id`)
) ENGINE=InnoDB AUTO_INCREMENT=31 DEFAULT CHARSET=utf8 COLLATE=utf8_bin;
/*!40101 SET character_set_client = @saved_cs_client */;

--
-- Dumping data for table `export_version`
--

LOCK TABLES `export_version` WRITE;
/*!40000 ALTER TABLE `export_version` DISABLE KEYS */;
INSERT INTO `export_version` VALUES (1,1,'20190610145814037561u59p1',1,1,'测试人员','2019-06-10 06:58:14','2019-06-10 06:58:14'),(2,2,'20190610145814037561u59p1',1,1,'测试人员','2019-06-10 06:58:14','2019-06-10 06:58:14'),(3,3,'20190610145814037561u59p1',1,1,'测试人员','2019-06-10 06:58:14','2019-06-10 06:58:14'),(4,4,'20190610145814037561u59p1',1,1,'测试人员','2019-06-10 06:58:14','2019-06-10 06:58:14'),(5,5,'20190610145814037561u59p1',1,1,'测试人员','2019-06-10 06:58:14','2019-06-10 06:58:14'),(6,6,'20190610145814037561u59p1',1,1,'测试人员','2019-06-10 06:58:14','2019-06-10 06:58:14'),(7,7,'20190610145814037561u59p1',1,1,'测试人员','2019-06-10 06:58:14','2019-06-10 06:58:14'),(8,8,'20190610145814037561u59p1',1,1,'测试人员','2019-06-10 06:58:14','2019-06-10 06:58:14'),(9,9,'20190610145814037561u59p1',1,1,'测试人员','2019-06-10 06:58:14','2019-06-10 06:58:14'),(10,10,'20190610145814037561u59p1',1,1,'测试人员','2019-06-10 06:58:14','2019-06-10 06:58:14'),(11,1,'20190610145816030458u59p1',1,1,'测试人员','2019-06-10 06:58:16','2019-06-10 06:58:16'),(12,2,'20190610145816030458u59p1',1,1,'测试人员','2019-06-10 06:58:16','2019-06-10 06:58:16'),(13,3,'20190610145816030458u59p1',1,1,'测试人员','2019-06-10 06:58:16','2019-06-10 06:58:16'),(14,4,'20190610145816030458u59p1',1,1,'测试人员','2019-06-10 06:58:16','2019-06-10 06:58:16'),(15,5,'20190610145816030458u59p1',1,1,'测试人员','2019-06-10 06:58:16','2019-06-10 06:58:16'),(16,6,'20190610145816030458u59p1',1,1,'测试人员','2019-06-10 06:58:16','2019-06-10 06:58:16'),(17,7,'20190610145816030458u59p1',1,1,'测试人员','2019-06-10 06:58:16','2019-06-10 06:58:16'),(18,8,'20190610145816030458u59p1',1,1,'测试人员','2019-06-10 06:58:16','2019-06-10 06:58:16'),(19,9,'20190610145816030458u59p1',1,1,'测试人员','2019-06-10 06:58:16','2019-06-10 06:58:16'),(20,10,'20190610145816030458u59p1',1,1,'测试人员','2019-06-10 06:58:16','2019-06-10 06:58:16'),(21,1,'20190610145817587237u59p1',1,1,'测试人员','2019-06-10 06:58:17','2019-06-10 06:58:17'),(22,2,'20190610145817587237u59p1',1,1,'测试人员','2019-06-10 06:58:17','2019-06-10 06:58:17'),(23,3,'20190610145817587237u59p1',1,1,'测试人员','2019-06-10 06:58:17','2019-06-10 06:58:17'),(24,4,'20190610145817587237u59p1',1,1,'测试人员','2019-06-10 06:58:17','2019-06-10 06:58:17'),(25,5,'20190610145817587237u59p1',1,1,'测试人员','2019-06-10 06:58:17','2019-06-10 06:58:17'),(26,6,'20190610145817587237u59p1',1,1,'测试人员','2019-06-10 06:58:17','2019-06-10 06:58:17'),(27,7,'20190610145817587237u59p1',1,1,'测试人员','2019-06-10 06:58:17','2019-06-10 06:58:17'),(28,8,'20190610145817587237u59p1',1,1,'测试人员','2019-06-10 06:58:17','2019-06-10 06:58:17'),(29,9,'20190610145817587237u59p1',1,1,'测试人员','2019-06-10 06:58:17','2019-06-10 06:58:17'),(30,10,'20190610145817587237u59p1',1,1,'测试人员','2019-06-10 06:58:17','2019-06-10 06:58:17');
/*!40000 ALTER TABLE `export_version` ENABLE KEYS */;
UNLOCK TABLES;

--
-- Table structure for table `import_log`
--

DROP TABLE IF EXISTS `import_log`;
/*!40101 SET @saved_cs_client     = @@character_set_client */;
/*!40101 SET character_set_client = utf8 */;
CREATE TABLE `import_log` (
  `id` int(11) NOT NULL AUTO_INCREMENT,
  `product_id` int(11) NOT NULL,
  `user_name` varchar(255) NOT NULL,
  `file_name` varchar(255) NOT NULL,
  `nums` int(11) NOT NULL,
  `created_at` timestamp NOT NULL DEFAULT '0000-00-00 00:00:00' ON UPDATE CURRENT_TIMESTAMP,
  `updated_at` timestamp NOT NULL DEFAULT '0000-00-00 00:00:00' ON UPDATE CURRENT_TIMESTAMP,
  PRIMARY KEY (`id`)
) ENGINE=InnoDB AUTO_INCREMENT=3 DEFAULT CHARSET=utf8;
/*!40101 SET character_set_client = @saved_cs_client */;

--
-- Dumping data for table `import_log`
--

LOCK TABLES `import_log` WRITE;
/*!40000 ALTER TABLE `import_log` DISABLE KEYS */;
INSERT INTO `import_log` VALUES (1,1,'测试人员','591560151674translate_import.csv',10,'2019-06-10 07:27:54','2019-06-10 07:27:54'),(2,1,'测试人员','591560152181translate_import.csv',10,'2019-06-10 07:36:21','2019-06-10 07:36:21');
/*!40000 ALTER TABLE `import_log` ENABLE KEYS */;
UNLOCK TABLES;

--
-- Table structure for table `lang_code`
--

DROP TABLE IF EXISTS `lang_code`;
/*!40101 SET @saved_cs_client     = @@character_set_client */;
/*!40101 SET character_set_client = utf8 */;
CREATE TABLE `lang_code` (
  `id` int(3) NOT NULL AUTO_INCREMENT,
  `code` varchar(10) NOT NULL,
  `language` varchar(20) NOT NULL,
  PRIMARY KEY (`id`)
) ENGINE=InnoDB AUTO_INCREMENT=104 DEFAULT CHARSET=utf8;
/*!40101 SET character_set_client = @saved_cs_client */;

--
-- Dumping data for table `lang_code`
--

LOCK TABLES `lang_code` WRITE;
/*!40000 ALTER TABLE `lang_code` DISABLE KEYS */;
INSERT INTO `lang_code` VALUES (1,'af','Afrikaans'),(2,'sq','Albanian'),(3,'am','Amharic'),(4,'ar','Arabic'),(5,'hy','Armenian'),(6,'az','Azerbaijani'),(7,'eu','Basque'),(8,'be','Belarusian'),(9,'bn','Bengali'),(10,'bs','Bosnian'),(11,'bg','Bulgarian'),(12,'ca','Catalan'),(13,'ce','Cebuano'),(14,'ny','Chichewa'),(15,'zh-CN','Chinese'),(16,'co','Corsican'),(17,'hr','Croatian'),(18,'cs','Czech'),(19,'da','Danish'),(20,'nl','Dutch'),(21,'en','English'),(22,'eo','Esperanto'),(23,'et','Estonian'),(24,'fo','Faroese'),(25,'tl','Filipino'),(26,'fi','Finnish'),(27,'fr','French'),(28,'fy','Frisian'),(29,'gl','Galician'),(30,'ka','Georgian'),(31,'de','German'),(32,'el','Greek'),(33,'gu','Gujarati'),(34,'ht','Haitian Creole'),(35,'ha','Hausa'),(36,'haw','Hawaiian'),(37,'he','Hebrew'),(38,'hi','Hindi'),(39,'hmn','Hmong'),(40,'hu','Hungarian'),(41,'is','Icelandic'),(42,'ig','Igbo'),(43,'id','Indonesian'),(44,'ga','Irish'),(45,'it','Italian'),(46,'ja','Japanese'),(47,'jv','Javanese'),(48,'kn','Kannada'),(49,'kk','Kazakh'),(50,'km','khmer'),(51,'ko','Korean'),(52,'ku','Kurdish'),(53,'ky','Kyrgyz'),(54,'lo','Lao'),(55,'la','Latin'),(56,'lv','Latvian'),(57,'lt','Lithuanian'),(58,'lb','Luxembourgish'),(59,'mk','Macedonian'),(60,'mg','Malagasy'),(61,'ms','Malay'),(62,'ml','Malayalam'),(63,'mt','Maltese'),(64,'mi','Maori'),(65,'mr','Marathi'),(66,'mn','Mongolian'),(67,'my','Myanmar'),(68,'ne','Nepali'),(69,'no','Norwegian'),(70,'ps','Pashto'),(71,'fa','Persian'),(72,'pl','Polish'),(73,'pt','Portuguese'),(74,'pa','Punjabi'),(75,'ro','Romanian'),(76,'ru','Russian'),(77,'sm','Samoan'),(78,'gd','Scots Gaelic'),(79,'sr','Serbian'),(80,'st','Sesotho'),(81,'sn','Shona'),(82,'sd','Sindhi'),(83,'si','Sinhala'),(84,'sk','Slovak'),(85,'sl','Slovenian'),(86,'so','Somali'),(87,'es','Spanish'),(88,'su','Sundanese'),(89,'sw','Swahili'),(90,'sv','Swedish'),(91,'tg','Tajik'),(92,'ta','Tamil'),(93,'te','Telugu'),(94,'th','Thai'),(95,'tr','Turkish'),(96,'uk','Ukrainian'),(97,'uz','Uzbek'),(98,'vi','Vietnamese'),(99,'cy','Welsh'),(100,'xh','Xhosa'),(101,'yi','Yiddish'),(102,'yo','Yoruba'),(103,'zu','Zulu');
/*!40000 ALTER TABLE `lang_code` ENABLE KEYS */;
UNLOCK TABLES;

--
-- Table structure for table `migrations`
--

DROP TABLE IF EXISTS `migrations`;
/*!40101 SET @saved_cs_client     = @@character_set_client */;
/*!40101 SET character_set_client = utf8 */;
CREATE TABLE `migrations` (
  `id` int(10) unsigned NOT NULL AUTO_INCREMENT,
  `migration` varchar(255) COLLATE utf8mb4_unicode_ci NOT NULL,
  `batch` int(11) NOT NULL,
  PRIMARY KEY (`id`)
) ENGINE=InnoDB AUTO_INCREMENT=8 DEFAULT CHARSET=utf8mb4 COLLATE=utf8mb4_unicode_ci;
/*!40101 SET character_set_client = @saved_cs_client */;

--
-- Dumping data for table `migrations`
--

LOCK TABLES `migrations` WRITE;
/*!40000 ALTER TABLE `migrations` DISABLE KEYS */;
INSERT INTO `migrations` VALUES (1,'2014_10_12_000000_create_users_table',1),(2,'2014_10_12_100000_create_password_resets_table',1),(3,'2016_06_01_000001_create_oauth_auth_codes_table',1),(4,'2016_06_01_000002_create_oauth_access_tokens_table',1),(5,'2016_06_01_000003_create_oauth_refresh_tokens_table',1),(6,'2016_06_01_000004_create_oauth_clients_table',1),(7,'2016_06_01_000005_create_oauth_personal_access_clients_table',1);
/*!40000 ALTER TABLE `migrations` ENABLE KEYS */;
UNLOCK TABLES;

--
-- Table structure for table `oauth_access_tokens`
--

DROP TABLE IF EXISTS `oauth_access_tokens`;
/*!40101 SET @saved_cs_client     = @@character_set_client */;
/*!40101 SET character_set_client = utf8 */;
CREATE TABLE `oauth_access_tokens` (
  `id` varchar(100) COLLATE utf8mb4_unicode_ci NOT NULL,
  `user_id` int(11) DEFAULT NULL,
  `client_id` int(11) NOT NULL,
  `name` varchar(255) COLLATE utf8mb4_unicode_ci DEFAULT NULL,
  `scopes` text COLLATE utf8mb4_unicode_ci,
  `revoked` tinyint(1) NOT NULL,
  `created_at` timestamp NULL DEFAULT NULL,
  `updated_at` timestamp NULL DEFAULT NULL,
  `expires_at` datetime DEFAULT NULL,
  PRIMARY KEY (`id`),
  KEY `oauth_access_tokens_user_id_index` (`user_id`)
) ENGINE=InnoDB DEFAULT CHARSET=utf8mb4 COLLATE=utf8mb4_unicode_ci;
/*!40101 SET character_set_client = @saved_cs_client */;

--
-- Dumping data for table `oauth_access_tokens`
--

LOCK TABLES `oauth_access_tokens` WRITE;
/*!40000 ALTER TABLE `oauth_access_tokens` DISABLE KEYS */;
INSERT INTO `oauth_access_tokens` VALUES ('001aab9db877e68807685292e02106eef767120827e7e04799ec68bda955ca5c3b5ba89e375ccf41',26,5,'MyApp','[]',0,'2019-05-20 02:59:42','2019-05-20 02:59:42','2019-05-20 11:59:42'),('001aade1f8e611a98a0eeee4d6b12f8602fb73a1f34de697e877f0a5ef17938206a0f37935538b56',26,5,'MyApp','[]',0,'2019-03-12 05:42:54','2019-03-12 05:42:54','2020-03-12 13:42:54'),('00d85004ceb3a218539a2dc0e2cd6470e5eb38ad584258512a30a52ad6b20a3df70a23e21e495c60',26,5,'MyApp','[]',0,'2019-03-25 08:20:56','2019-03-25 08:20:56','2020-03-25 16:20:56'),('01822eacf4f626f1666a36f077847a9565c321f91a99b6c577e274c311872c7a9d0052e5847d61f1',6,5,'MyApp','[]',0,'2019-03-22 07:06:22','2019-03-22 07:06:22','2020-03-22 15:06:22'),('01a0f2719a684b8ae39c7555a0b561db7de3ed5fff24b666c41e7f99966e0bd98523898b1dbcfbf1',56,5,'MyApp','[]',0,'2019-05-22 07:07:29','2019-05-22 07:07:29','2019-05-22 16:07:29'),('02823ca7d6dbd270cfdce16b60f0b0b465f6aa1f548d25ce86e6cfce2ed571f12abc9445ea8901b6',26,5,'MyApp','[]',0,'2019-04-01 06:47:34','2019-04-01 06:47:34','2020-04-01 14:47:34'),('02a9a48a6c5cfdb14f53ea07ac27dfd899a38cb433ec4f120992cb0d609922fa500ad2bd560f94f8',59,5,'MyApp','[]',0,'2019-06-10 06:58:00','2019-06-10 06:58:00','2019-06-10 15:58:00'),('045b69f9125cf90d058ef39538fc01347be368b1a97170758df2e775e00c71930c2f904cd9efce8b',43,5,'MyApp','[]',0,'2019-04-12 09:30:30','2019-04-12 09:30:30','2019-04-12 18:30:30'),('054b9b6eb085a3e9e1efc3f46869fe527f0ecdfa52ede4e4c1b76ab2f6305eb2d1aba07ea2f4afd9',26,5,'MyApp','[]',0,'2019-03-19 06:11:17','2019-03-19 06:11:17','2020-03-19 14:11:17'),('057aeef581cb69712082abc388fffd444338c5a4e82a2513ffe6b3356146ed407b545bdecb732774',6,5,'MyApp','[]',0,'2019-03-12 08:01:16','2019-03-12 08:01:16','2020-03-12 16:01:16'),('05f6ad608969d1409a4eab26d55cb816734eda2bc4f0030317698b632109bfc90291ba87802160f4',20,5,'MyApp','[]',0,'2019-04-11 08:22:06','2019-04-11 08:22:06','2020-04-11 16:22:06'),('061006ff143e002fd92461258566a0ffbdd53b8e182d6230af447b2e49018acba4d0f4ebb54c2590',26,5,'MyApp','[]',0,'2019-03-06 08:43:51','2019-03-06 08:43:51','2020-03-06 16:43:51'),('0643195a3e4fe57c995dc1e986b9af134ebc463cbb19f5a981e0a6f953f0bd4dfe31a84d0b81af4b',56,5,'MyApp','[]',0,'2019-06-10 09:20:24','2019-06-10 09:20:24','2019-06-10 18:20:24'),('080041b34c0a10dcf845a181a56df83e5ab889d2b2d371718c63f1eda32b248067a79d1e1bfa22af',26,5,'MyApp','[]',0,'2019-05-22 08:07:32','2019-05-22 08:07:32','2019-05-22 17:07:32'),('08741fc8021ab545e07ec15887d87cf22aae072d3f9d207135642b09f4052799606660f36f1d6590',26,5,'MyApp','[]',0,'2019-06-04 08:00:01','2019-06-04 08:00:01','2019-06-04 17:00:01'),('0a2036ada70364367dfed1039c55b9e1c8ed118564284bec4e434733675104c4a67cdb67da69784a',26,5,'MyApp','[]',0,'2019-03-13 01:42:35','2019-03-13 01:42:35','2020-03-13 09:42:35'),('0b7bd158ffed1caaf8d341cc8cc0f3d58e8a3f0aab0d1dfee6f26276978361a8b87ca27c935b1fff',26,5,'MyApp','[]',0,'2019-03-06 07:11:05','2019-03-06 07:11:05','2020-03-06 15:11:05'),('0bfd631e7da2ac18ec6fd937fe74770f67510e911e4f884eba698ee7ca17bd568c330e4b562d5d14',26,5,'MyApp','[]',0,'2019-05-21 07:10:47','2019-05-21 07:10:47','2019-05-21 16:10:47'),('0d9e3e85e516b25ab646331d3b21efd5fc8411bcd93797d2e674a2269ce84ebeeec53701ce016fd2',35,5,'MyApp','[]',0,'2019-03-08 02:40:24','2019-03-08 02:40:24','2020-03-08 10:40:24'),('0e807a5c07851895d3fceaf9df6a1b2bd211db39f0826dbccb4a5dd19a2d26476819bd70d799e063',20,5,'MyApp','[]',0,'2019-06-03 08:01:58','2019-06-03 08:01:58','2019-06-03 17:01:58'),('0f36d078caa5b75e380aab8687a33e7ebe50de93d71750cb04ed847279ba4269bd8fadf31dd3f78b',26,5,'MyApp','[]',0,'2019-04-09 02:11:43','2019-04-09 02:11:43','2020-04-09 10:11:43'),('1057ecf5e546054e1434193fdf2590bb5e8468e8cc6b1a6f9ecc63bf7a4936d8e8e9686a6284201c',26,5,'MyApp','[]',0,'2019-03-06 08:19:49','2019-03-06 08:19:49','2020-03-06 16:19:49'),('10ecb2b9a77fb4253ca23c2b26e0c8f6154e0fc66a7cc9efea2ae62ac1e0f20378df4773ac22d2de',20,5,'MyApp','[]',0,'2019-04-10 02:01:23','2019-04-10 02:01:23','2020-04-10 10:01:23'),('128954d1767aad77ea0d7fd992cfb8904bce36a9ba45b171f3a0301b22c0b592e8dc5dedd44b0954',26,5,'MyApp','[]',0,'2019-05-13 08:36:56','2019-05-13 08:36:56','2019-05-13 17:36:56'),('136c0bbdc8edd47797ff20d7b34f900705d0973d3b33696350b4bf243eb4c2bcf0020ea1faf2fb0e',26,5,'MyApp','[]',0,'2019-06-04 06:19:01','2019-06-04 06:19:01','2019-06-04 15:19:01'),('15979d1cf57f68cb7adde6e4066c82432de056853f2c75986e6803160a323a2804d8eae89be8324f',26,5,'MyApp','[]',0,'2019-04-02 01:33:24','2019-04-02 01:33:24','2020-04-02 09:33:24'),('17333b9d1db4aa9905dd68e215ebb987245b3210294383c74702fbf52580ea88b755f25669dddb15',26,5,'MyApp','[]',0,'2019-04-01 07:58:51','2019-04-01 07:58:51','2020-04-01 15:58:51'),('19010fbc20610f2810c273625bc867833e28e971cef5932afd675378285247db43d7daad15d05593',26,5,'MyApp','[]',0,'2019-03-06 08:57:30','2019-03-06 08:57:30','2020-03-06 16:57:30'),('1924d439e6b604d8f02eeaac634c773a34b31ab2ac91a1c41e396ca5078dd07319714bcc7eaf0925',54,5,'MyApp','[]',0,'2019-05-22 07:05:57','2019-05-22 07:05:57','2019-05-22 16:05:57'),('1954e29c09b389003fa39928034d620c01a6691662bac75baa9d87adf0d3a4de1f9e59bb2c519818',26,5,'MyApp','[]',0,'2019-03-14 08:56:32','2019-03-14 08:56:32','2020-03-14 16:56:32'),('199b924e3903c9431620f1693fa6956220dd5ea01975c78ff53c0d9cf225f7cf0a29a035a000dca8',26,5,'MyApp','[]',0,'2019-03-29 01:37:57','2019-03-29 01:37:57','2020-03-29 09:37:57'),('1a790b8ab01a03d75bb85a48cb360a6d13c7e2086de983b91796152dd9f4e307e558f8d8032cd45e',26,5,'MyApp','[]',0,'2019-04-11 08:23:54','2019-04-11 08:23:54','2020-04-11 16:23:54'),('1b1f8e2e5972426558cb87d4c5cefe53473a30dbe4afd96f6dc5a92bc56ed65d0766599b3a6e8e2e',6,5,'MyApp','[]',0,'2019-04-19 01:51:07','2019-04-19 01:51:07','2019-04-19 10:51:07'),('1b35a12bb8b18997c8a2db319f1b02f233d684acdc090651a32afd34dbd76077b4071e98ae77ce74',42,5,'MyApp','[]',0,'2019-04-12 09:23:32','2019-04-12 09:23:32','2019-04-12 18:23:32'),('1bf22b081ad36a70956efde943097f31e977aa0627db717048d7879ed7bd49b7e9b95a4d2e166d3b',38,5,'MyApp','[]',0,'2019-05-15 08:05:56','2019-05-15 08:05:56','2019-05-15 17:05:56'),('1d6b80c02b4bb1b6c923c9242bfc9a213c4bcc1a3fae100f208cdd0830d003f75a4f886a5cb99299',59,5,'MyApp','[]',0,'2019-05-31 06:21:34','2019-05-31 06:21:34','2019-05-31 15:21:34'),('1d9287909a9a2b702e8a00c2fced5ca87e84a091fd67c68aa61fd82195e57d097b80f1455d02ec59',58,5,'MyApp','[]',0,'2019-05-31 02:03:31','2019-05-31 02:03:31','2019-05-31 11:03:31'),('1df0f155bf338a36ef9d28847a966d930fcea6634dacd8b5e67aeb6a13a317e1566eb81753b25f36',53,5,'MyApp','[]',0,'2019-06-06 07:16:47','2019-06-06 07:16:47','2019-06-06 16:16:47'),('1e88786b6f2d61c916ed9bec195624bd2686fa29a88292b709c188567472d736f2df7086a04e7491',26,5,'MyApp','[]',0,'2019-04-09 05:33:58','2019-04-09 05:33:58','2020-04-09 13:33:58'),('1f571c305e736f3278abb46b3c36ed97103b409540f3db20787e646191ae3990bff8109bf08c456d',1,5,'MyApp','[]',0,'2019-06-06 07:21:14','2019-06-06 07:21:14','2019-06-06 16:21:14'),('2059af38beb7dade3773efdf1a41288b3765304c42bd061533228d96656a1dec7a3f53b13d41c8d8',26,5,'MyApp','[]',0,'2019-04-03 06:53:05','2019-04-03 06:53:05','2020-04-03 14:53:05'),('206c6f86a170f049e3cb44ae93c3da3cefffc9849c73769942366c3b95f08d9656e35da77cf44800',26,5,'MyApp','[]',0,'2019-03-08 02:23:22','2019-03-08 02:23:22','2020-03-08 10:23:22'),('20e65987ab9bc3610553ea394d6739b7aae45c95ebb003b56199309eaf369106938ebbba098ef396',26,5,'MyApp','[]',0,'2019-05-09 01:21:17','2019-05-09 01:21:17','2019-05-09 10:21:17'),('21163bf79abb8a52482ff7f6adea463620072129e8529bd3d6ae5edf6afda117c1cc3425bab6cb68',26,5,'MyApp','[]',0,'2019-03-06 08:42:33','2019-03-06 08:42:33','2020-03-06 16:42:33'),('21c1a59baa03d3f9005b3889dbbe94aca0ca2bb9dcaa0322d63b7f30f35440307720bc2d9186d56e',26,5,'MyApp','[]',0,'2019-05-20 09:52:03','2019-05-20 09:52:03','2019-05-20 18:52:03'),('236bb6d2a20de878c62032957dbd36261791d90ae4fde2a40163c66017e5690d0814d0251d4c8566',26,5,'MyApp','[]',0,'2019-05-17 01:43:56','2019-05-17 01:43:56','2019-05-17 10:43:56'),('2390d8731f98ef12d1d0c677ba7d886c8d22d55523e439be3c4726c5e0d564f6a571e55377cd5399',26,5,'MyApp','[]',0,'2019-03-12 07:28:17','2019-03-12 07:28:17','2020-03-12 15:28:17'),('247fa206d7bbaf4862877940254b4d0815fc91c75fef2a42499f6d482e61a8453702c9cfbdd2e1b2',59,5,'MyApp','[]',0,'2019-06-04 02:33:45','2019-06-04 02:33:45','2019-06-04 11:33:45'),('24934f3b1fe6d8f672d926d69fba5e7b1fda49142576b5e15bc62fee8f994065ac92ea06570eaf83',6,5,'MyApp','[]',0,'2019-05-08 08:41:55','2019-05-08 08:41:55','2019-05-08 17:41:56'),('24ffd8f324f94792a9b11f632b5d31586fe983b1fb05295fb6456e9218364a7b29b611f03353353a',26,5,'MyApp','[]',0,'2019-03-14 09:32:24','2019-03-14 09:32:24','2020-03-14 17:32:24'),('26582b5553e18084f7446b227cf9227789b2a638c74c545b374c810e95a08c4a607d5f0fa021e300',26,5,'MyApp','[]',0,'2019-06-03 09:11:21','2019-06-03 09:11:21','2019-06-03 18:11:21'),('2916d00fd4a852263d5d73de676c321a9329af832e573849837127d2ce3b76f3d6070b89e570ca7e',26,5,'MyApp','[]',0,'2019-03-12 05:41:46','2019-03-12 05:41:46','2020-03-12 13:41:46'),('293aad5cc2007c6e69edcee55a990b10013b0aae91c2ebc4019d3a127d9e9cc30084a76dd10ea13c',26,5,'MyApp','[]',0,'2019-05-15 09:25:43','2019-05-15 09:25:43','2019-05-15 18:25:43'),('2a458fcc41a8dbf45f852c00edf67a95f5b664c6747b259fa0e2798098a8e1bc2172305e0fefeaa4',1,5,'MyApp','[]',0,'2019-06-03 06:30:17','2019-06-03 06:30:17','2019-06-03 15:30:17'),('2aa6dbbe52c8df5b135b8f23138829ca8cd8653197774847736d965a0fb4c3fad70cd033e40a8a91',26,5,'MyApp','[]',0,'2019-05-31 02:07:23','2019-05-31 02:07:23','2019-05-31 11:07:24'),('2afbb0bac80b9babe0eb9e1e958e22eeb42b97ce54191ef7b258c5c108f8ab55837fb6fc0f23f3b7',26,5,'MyApp','[]',0,'2019-05-30 06:17:45','2019-05-30 06:17:45','2019-05-30 15:17:45'),('2b2d49b70a61ada3979779d0840c8969516a2d03fbc03fd0fd4d10820b7bef557fad6527b5497de2',20,5,'MyApp','[]',0,'2019-04-01 06:15:33','2019-04-01 06:15:33','2020-04-01 14:15:33'),('2b3ad409c10f9fed5acb2a1b713979e50d89a2d3e5c77e45653f79a9b26f99a9627e4a9d7b03a9f9',26,5,'MyApp','[]',0,'2019-04-08 06:33:26','2019-04-08 06:33:26','2020-04-08 14:33:26'),('2b4e846ceed3d2fe30c80e0a55ac6c858438c2b28ff8cfb70e21e91d3c9587414084f7e6dbbc04f3',26,5,'MyApp','[]',0,'2019-03-11 07:40:49','2019-03-11 07:40:49','2020-03-11 15:40:49'),('2cc7d917cf5ac851e51e00c24f3ff397fb311644aa264c2d81f6fed1f02da7f1eff6e919688eb515',47,5,'MyApp','[]',0,'2019-04-15 03:02:44','2019-04-15 03:02:44','2019-04-15 12:02:44'),('2d400a41fbb656f38af38f59a8656d22960b5f8d3ba17271931fc2a1f79fb066869825827788ead1',26,5,'MyApp','[]',0,'2019-03-06 08:41:57','2019-03-06 08:41:57','2020-03-06 16:41:57'),('2d453b9d9cf37260803cad5f0dae0ac8b2d62e467c62b38209c2ddbeeafcb76c394da88e3e23cd1e',53,5,'MyApp','[]',0,'2019-06-06 02:20:26','2019-06-06 02:20:26','2019-06-06 11:20:26'),('2eb32a2b3277ec73c682d70f0b33586305420a51a58e29bea32562508763681f0ca147915f233e7e',26,5,'MyApp','[]',0,'2019-04-16 02:07:57','2019-04-16 02:07:57','2019-04-16 11:07:58'),('2f1a159bdeaf450b81e2f842e36ea874ef0d2eee1d8205864392345e63813354b5a86dd8f7905822',42,5,'MyApp','[]',0,'2019-04-12 09:29:53','2019-04-12 09:29:53','2019-04-12 18:29:53'),('2fe6288a811c2b6a1da86970d9629880b575c4442660f005b5c0e29bc08b0fd54447820e10290178',53,5,'MyApp','[]',0,'2019-06-06 06:48:31','2019-06-06 06:48:31','2019-06-06 15:48:31'),('30815c1c9da3ca263a9d3588dc73a64c6fa746bff253246ff9e4b4ecfc8756a9f27b3daef8d26561',26,5,'MyApp','[]',0,'2019-03-19 06:28:26','2019-03-19 06:28:26','2020-03-19 14:28:26'),('311bdaa169e60b85b9cdffe126d0dfcb2c385e03e90c1f3d6cad5b0b2043f6789146d261b0292f80',42,5,'MyApp','[]',0,'2019-04-16 02:11:53','2019-04-16 02:11:53','2019-04-16 11:11:53'),('321e28ab4577f72fd15ed56f90328f55926bf0e4baa943b3fe25567388da272ac48483fb50deefb3',53,5,'MyApp','[]',0,'2019-06-06 06:57:26','2019-06-06 06:57:26','2019-06-06 15:57:26'),('3351b482384a069f439c43e81f54049e4c18288b5d4fb45c176322368a42122b79f9d0f5b8af2905',26,5,'MyApp','[]',0,'2019-04-01 09:00:20','2019-04-01 09:00:20','2020-04-01 17:00:20'),('347e2a42d5ff0f3b19881fb276323247c1a1b9bf1c23d8bb50bddb8ed07fa8bce5edcec9ae971eda',35,5,'MyApp','[]',0,'2019-03-08 02:48:09','2019-03-08 02:48:09','2020-03-08 10:48:09'),('3492121897966b59e51b2e99645a34bfe72d0e6e8eb78952c201e87f9c2b5614fb8e080419b23cf9',59,5,'MyApp','[]',0,'2019-06-03 06:42:48','2019-06-03 06:42:48','2019-06-03 15:42:48'),('382a9ad8f76561d9aa222d68a6ce77153cae5f8d4526c695b5306c19b562dc4bfa0d5df2bd06f58b',6,5,'MyApp','[]',0,'2019-03-22 06:06:03','2019-03-22 06:06:03','2020-03-22 14:06:03'),('397db15a48e5c0acfe2fef528a63e1b399a382b630ba6912b0a0991f4fb364bb228edf7c423e8089',19,5,'MyApp','[]',0,'2019-04-01 06:14:45','2019-04-01 06:14:45','2020-04-01 14:14:45'),('39a313f99dfd1ab391c7c7c2a9d8a0bea47b9258956ccf69dbcb8a02ed064206fd399a9eddaf4acd',26,5,'MyApp','[]',0,'2019-03-06 07:46:34','2019-03-06 07:46:34','2020-03-06 15:46:34'),('39ee1796d6129bc819916203d2c60d7fea82ea79c5fe31ba2529ee340fde79f0cd9da1211a1e3a16',26,5,'MyApp','[]',0,'2019-03-08 02:33:14','2019-03-08 02:33:14','2020-03-08 10:33:14'),('3a200d0accb647cfd4c5536b4781b770eaa3c3dcd5592cf0e899c8a51cc60fe1612f26f624ccc0ff',42,5,'MyApp','[]',0,'2019-05-14 09:14:08','2019-05-14 09:14:08','2019-05-14 18:14:08'),('3c1e1d3f12e46d434b67647061834341ff3513e9367e05182c290907e34c3d45eed08afac8043e5a',59,5,'MyApp','[]',0,'2019-06-03 01:56:09','2019-06-03 01:56:09','2019-06-03 10:56:09'),('3c5b3abbddddc3fa3b4a76abf668be77d87a1fca00f0ad09f45e7bcb5a10c072bd846bc932ed7a64',26,5,'MyApp','[]',0,'2019-03-12 03:07:32','2019-03-12 03:07:32','2020-03-12 11:07:32'),('3cc2e8635925b92592e73c31d6787372c416d12c38282f3c7aab551e4457f6c3467b78fbd6caedd8',26,5,'MyApp','[]',0,'2019-03-07 03:08:19','2019-03-07 03:08:19','2020-03-07 11:08:19'),('3fd29f66f6f85bfc7298568ecf5be21fbb0cee4b7fc3f41bd164d29a93ab6ba72f362315119cf712',26,5,'MyApp','[]',0,'2019-04-03 02:34:06','2019-04-03 02:34:06','2020-04-03 10:34:06'),('405c90ef54a72027a970f11a1889d90532965b4d2d523ea8f78e57ee52faf418624903bcfb31a5a0',63,5,'MyApp','[]',0,'2019-06-06 02:19:22','2019-06-06 02:19:22','2019-06-06 11:19:22'),('406e78da35477cd729593e006e0791e1fa2028f5df69ebc8c6ac857e27f19c4ac6b8afdb10997447',64,5,'MyApp','[]',0,'2019-06-06 02:19:48','2019-06-06 02:19:48','2019-06-06 11:19:48'),('42bd7230f05f4e4ff2aa6cb7f488206749c39fca6486aee248852958e07b547006159d3577cda0f6',26,5,'MyApp','[]',0,'2019-03-28 06:36:31','2019-03-28 06:36:31','2020-03-28 14:36:31'),('433dbe9254b9d29aa427346e0eff4da8ac0739b1dd0f60ffa9344f308b9704bf4320baf37fee0a9f',26,5,'MyApp','[]',0,'2019-03-11 01:42:56','2019-03-11 01:42:56','2020-03-11 09:42:56'),('4346e36f098b693ae35d54a82010ce04eaff7f69ab258440698adbe162fe20e38697c2e6d13503a2',26,5,'MyApp','[]',0,'2019-04-11 06:43:43','2019-04-11 06:43:43','2020-04-11 14:43:43'),('4452bdad87a8fdacc4c68889a4bc841744d502070430be781926a63a91126cef0c2fec4e2c91fafb',26,5,'MyApp','[]',0,'2019-04-08 07:23:29','2019-04-08 07:23:29','2020-04-08 15:23:29'),('450f1feef07c090ec10cffe6bfa991c7efd61d8c0085fe952a735238e55483c58136e9be8f143b90',26,5,'MyApp','[]',0,'2019-03-11 02:43:27','2019-03-11 02:43:27','2020-03-11 10:43:27'),('4582c27c84a08f2915eb7fbfb1e0055afc19538c7ee8d3c9a3484b726a4dab4c58d7675a11a33127',26,5,'MyApp','[]',0,'2019-03-29 02:06:53','2019-03-29 02:06:53','2020-03-29 10:06:53'),('46a7e113ed0642dfec01b700fa394645ffa4c210db9b056300ca661d55aed6bc38870f26921aea7d',59,5,'MyApp','[]',0,'2019-06-04 07:12:54','2019-06-04 07:12:54','2019-06-04 16:12:54'),('46cf56d1916ea568bf2b22d0b0d3de93e35cd3c3459d3e394dfba4ad078777ab80b2769999de6e0d',38,5,'MyApp','[]',0,'2019-05-29 07:20:59','2019-05-29 07:20:59','2019-05-29 16:20:59'),('47802a4ed9b5d0a4002085721d56e74286d3bb89f516e608cb349aa8530806b4a13c34a388e66c79',26,5,'MyApp','[]',0,'2019-03-11 07:41:56','2019-03-11 07:41:56','2020-03-11 15:41:56'),('47a1c9498312e0acdacf6027081aad0ffde8a08f2c025f2b83a3dff8c52c11c45bf7519174e11e50',26,5,'MyApp','[]',0,'2019-04-10 07:36:50','2019-04-10 07:36:50','2020-04-10 15:36:50'),('48bd49a415549b6a057a246ae01daa116a26ac129c6cb442427220209a3fef47e8e9e5d1f43b13f6',26,5,'MyApp','[]',0,'2019-03-18 01:24:27','2019-03-18 01:24:27','2020-03-18 09:24:27'),('49b12d3601cddd2598bf481bc508a48efc5962e791fe91ab6505316e1e04015e43b3f4de5b9f2b6d',59,5,'MyApp','[]',0,'2019-05-31 05:50:52','2019-05-31 05:50:52','2019-05-31 14:50:52'),('49c182fae448238cd6336cfcef07fcad827db433fd81d3bf6199d50e9182081885bf37c6db98212e',26,5,'MyApp','[]',0,'2019-03-12 05:44:01','2019-03-12 05:44:01','2020-03-12 13:44:01'),('49c830b5622798215b5a0916dc612d1374a244382494a44a2ba01b9e10629d28fdaca808d2867837',27,5,'MyApp','[]',0,'2019-03-11 02:34:01','2019-03-11 02:34:01','2020-03-11 10:34:01'),('49ea7520573b9956d0edec8a6e3182e1f43aa762689e50da4c899a8648a666e195cfb320c3da24db',26,5,'MyApp','[]',0,'2019-03-28 05:24:06','2019-03-28 05:24:06','2020-03-28 13:24:06'),('4a4e085b9c1bbefa623a0061ff0ca5091698800c5dd1aeef2137981f996e2980396c935b662d0f6e',40,5,'MyApp','[]',0,'2019-04-12 07:51:05','2019-04-12 07:51:05','2019-04-19 15:51:05'),('4c3bc3e8ade75222622b9cc594825b4c3aa3049e1f8e36a60f1283d411d2d9d6430cfbf7e4f42c78',20,5,'MyApp','[]',0,'2019-04-11 08:00:36','2019-04-11 08:00:36','2020-04-11 16:00:36'),('4da5fec691a16b8b4965cf78e2ebdc0193b192a838a340b33bd8abff92beaa0372feb00adcc8f21f',26,5,'MyApp','[]',0,'2019-04-02 02:32:25','2019-04-02 02:32:25','2020-04-02 10:32:25'),('4e6ed2002d8afa7a73aad41b3d8667f6153c49af95343e212efc0382471190f811a44ec8b5c987e1',59,5,'MyApp','[]',0,'2019-06-03 02:42:38','2019-06-03 02:42:38','2019-06-03 11:42:38'),('4f52468ba3e770d79044ceadc4d24ee5b7ffb2b48b47913889ff58d60733e67107478d765036f461',26,5,'MyApp','[]',0,'2019-05-21 02:44:32','2019-05-21 02:44:32','2019-05-21 11:44:32'),('503c25dcdb9572d735f765d3f7db2128c10eee1327c885f5e2c6bb62b59377b7ad0c1982a446a2e4',26,5,'MyApp','[]',0,'2019-03-19 02:30:19','2019-03-19 02:30:19','2020-03-19 10:30:19'),('511986fdf1b013d1935b49b2dcb759168d1e5148bdfa94a523974b396c4dd36cb55c6fca760998eb',26,5,'MyApp','[]',0,'2019-04-18 01:46:28','2019-04-18 01:46:28','2019-04-18 10:46:28'),('517f569154c7c8f1ab9b84f09f31b8fa30f9ec286c3c9ec1832b5c1c4b7f3c434bb7d2c499c4f327',59,5,'MyApp','[]',0,'2019-06-04 02:25:01','2019-06-04 02:25:01','2019-06-04 11:25:01'),('5267990e2b601113fadb799cf0e2dfa6feca4999b8c1ddc0878548d1da14276f94ee27da6a28a375',6,5,'MyApp','[]',0,'2019-03-05 07:51:07','2019-03-05 07:51:07','2020-03-05 15:51:07'),('54339204c1aa3ea48e3e191c772d379afaf7a821f7baed175c239cb0249bdae7244074ce55fa553f',20,5,'MyApp','[]',0,'2019-03-28 06:08:25','2019-03-28 06:08:25','2020-03-28 14:08:25'),('553f876846bf1da24f0c6e1fe6781f2315427b60243a5ad8f9ac5808f5ff68648d9363cf24fb06db',26,5,'MyApp','[]',0,'2019-03-19 06:25:10','2019-03-19 06:25:10','2020-03-19 14:25:10'),('55516751b8360e72e81389e4e0440b209094929a8fcc2d48757f68c4b0304d1ba4c39346ba887e3a',59,5,'MyApp','[]',0,'2019-06-05 07:14:46','2019-06-05 07:14:46','2019-06-05 16:14:46'),('57b996f70fa5ef6f19e1f53afa9875e6ab2eeb49bf3ff57aed194ca1adcf50d51b311bfe936ad2a3',26,5,'MyApp','[]',0,'2019-03-19 06:31:01','2019-03-19 06:31:01','2020-03-19 14:31:01'),('5838a7b47723b27db7615232ddee0139b5d0036fc350d6cff55f073fa695977dd7118e0dbf1dff56',55,5,'MyApp','[]',0,'2019-05-22 07:06:46','2019-05-22 07:06:46','2019-05-22 16:06:46'),('58c6dac1a54a33afc24e26b865ca9965c37c2b59861a2402a71f32bba6d25f29b74c3557dff5f7bb',26,5,'MyApp','[]',0,'2019-05-10 01:32:33','2019-05-10 01:32:33','2019-05-10 10:32:33'),('5ac19c64f3ac214f9c28cdf1ad6c721d33f7b667784c214869e7c549690325aa19306c387bfb81c4',61,5,'MyApp','[]',0,'2019-06-06 02:18:17','2019-06-06 02:18:17','2019-06-06 11:18:17'),('5d3da85d2a44cf97b8991dc50af5d33991cbebab1366efacbee95e263ae974c147c002e0b33e04b3',26,5,'MyApp','[]',0,'2019-05-16 10:01:53','2019-05-16 10:01:53','2019-05-16 19:01:53'),('5def98baf3050fae03d735a675c79ff73e37672f4ecc94eca9840bbf5fb8f73a06c50cfac0a1fd16',26,5,'MyApp','[]',0,'2019-05-13 08:47:55','2019-05-13 08:47:55','2019-05-13 17:47:55'),('5e04b978358010df02acd7b0600a64971bfa8d9e80d6364f12b2341cc9f09963e99bf522a3618b67',42,5,'MyApp','[]',0,'2019-04-16 02:11:47','2019-04-16 02:11:47','2019-04-16 11:11:47'),('5ec4891526696e98a936c91b424b667e9536e8d51b5b4fc1261f7230f4a51d7a02f2c18209cad1fb',26,5,'MyApp','[]',0,'2019-04-01 03:13:36','2019-04-01 03:13:36','2020-04-01 11:13:36'),('60e6f07838ba5ae0e094c92329cb39fe7a1d46826419dc6f99ff170874879042a8a06094c72ed111',20,5,'MyApp','[]',0,'2019-06-03 07:49:57','2019-06-03 07:49:57','2019-06-03 16:49:57'),('6133d192a98241196c98aadab926c99dfa3cd7215751aa1915306f71829c6c51e50dc8086c9dc905',53,5,'MyApp','[]',0,'2019-06-06 06:58:57','2019-06-06 06:58:57','2019-06-06 15:58:57'),('620bbccba6fbf379de3d7360111db39ea35508f187f8660da57c706972f05834143fe01082b699ad',26,5,'MyApp','[]',0,'2019-04-04 05:43:44','2019-04-04 05:43:44','2020-04-04 13:43:44'),('627c90918428b5f654473228bf9f3df8ccd6dba5c5b53d21283f5c757e2dcc88594d20a5a64876ad',53,5,'MyApp','[]',0,'2019-05-17 09:43:12','2019-05-17 09:43:12','2019-05-17 18:43:12'),('6335f10c4d3b8ac76c7387e59255c5f9001db05d7ff65e32bec539954bc229748a5ec35d474adc78',27,5,'MyApp','[]',0,'2019-03-15 05:35:12','2019-03-15 05:35:12','2020-03-15 13:35:12'),('6352a60c099f81ef5299c41d703af1389045caceefc7a899d4a222969e3363c3db8bb6fa60790d4a',26,5,'MyApp','[]',0,'2019-03-12 05:42:26','2019-03-12 05:42:26','2020-03-12 13:42:26'),('636c86a5c80a7b8677e972f1d5c2e349ccb8ee836844582449f559bba0d8581d49fdc5ab5ff46a32',26,5,'MyApp','[]',0,'2019-05-28 09:26:06','2019-05-28 09:26:06','2019-05-28 18:26:06'),('63c8579ca3b29445cf8e06b4bfb2e57d3e1a7523fa3c962b4378f3349e6889e81f163b3180a97c6f',59,5,'MyApp','[]',0,'2019-06-03 06:30:33','2019-06-03 06:30:33','2019-06-03 15:30:33'),('641f8a331923d5fc74919b8fac42dd13aaba1edfc4d54031a3f525ab2c82066e6828ddd4455b4757',38,5,'MyApp','[]',0,'2019-05-08 02:13:27','2019-05-08 02:13:27','2019-05-08 11:13:27'),('64732fdb33909f2eefe72a930b2c14dc254b68f375a1da6612cc0f2bd85300bef9818c79af36f39e',26,5,'MyApp','[]',0,'2019-04-17 01:37:21','2019-04-17 01:37:21','2019-04-17 10:37:21'),('64c3185fe76b973f4b9ce88da92018e8e4c5c2c36fbf223519dff5f31f096126386d603620b986ff',26,5,'MyApp','[]',0,'2019-05-06 06:51:29','2019-05-06 06:51:29','2019-05-06 15:51:29'),('64e12edcd2ac48b883fb332e149da0dd1444b7c808ea72759b3a4c3eb9e4ae65679474f7de734cb4',42,5,'MyApp','[]',0,'2019-04-12 09:20:18','2019-04-12 09:20:18','2019-04-12 18:20:18'),('674cb5ed772cf15d6c39713977911ed4faee5ecffae4f72272ca62c6db9a228b9ad720d8a1fd1fd8',19,5,'MyApp','[]',0,'2019-04-01 06:13:04','2019-04-01 06:13:04','2020-04-01 14:13:04'),('6e60a9abe8633b2f941fccb83245635c87e5a834ffb6bd1fad56e47e84cb52d5b6ee47d1b71e3565',62,5,'MyApp','[]',0,'2019-06-06 02:18:50','2019-06-06 02:18:50','2019-06-06 11:18:50'),('707638febccfabccf300e7dc1b65d5d34d28a1f68150e62c4c445a7b92f7073d3d6fb43bab3a9a7e',26,5,'MyApp','[]',0,'2019-03-06 08:52:04','2019-03-06 08:52:04','2020-03-06 16:52:04'),('7084a417d8d923a8c3d9a5a22995dfb1e190574b41c524f85e9ea06d5846c9433c1dd0aa41f1d82d',26,5,'MyApp','[]',0,'2019-04-03 06:30:18','2019-04-03 06:30:18','2020-04-03 14:30:18'),('7094ae38dbc1ee326358865d79e6365291f2867311b4f17172543faea29ae380732f98b180fa4bc4',59,5,'MyApp','[]',0,'2019-06-10 09:42:04','2019-06-10 09:42:04','2019-06-10 18:42:04'),('710eb50912d4d7de1c6205be5ae34712880a117fffaf7405aa17f9f3defb526bad61b5ca580b159a',20,5,'MyApp','[]',0,'2019-04-11 08:25:05','2019-04-11 08:25:05','2020-04-11 16:25:05'),('71bb2e113e804afc28573ab6ee5c5ff884afc8ab7075d618343990ba1ceab354f7875a2fd3ae2bd4',26,5,'MyApp','[]',0,'2019-05-30 02:02:49','2019-05-30 02:02:49','2019-05-30 11:02:49'),('73f178416e829f7bb312bafeb85e44947f3407c89495de0042f5ee0bacc84c28887004a71d42f7f4',26,5,'MyApp','[]',0,'2019-05-16 01:12:43','2019-05-16 01:12:43','2019-05-16 10:12:43'),('7a774b8237fe75bd6adf080597fd38747d87aba8e2976919a8133758f717d8ee697c3ed11a661492',26,5,'MyApp','[]',0,'2019-03-06 07:14:46','2019-03-06 07:14:46','2020-03-06 15:14:46'),('7cedb09f641c36f92a66c6e644159a9a68a1de5e27c2a7d8ae4dbcf06159fe25d5720730edac268d',60,5,'MyApp','[]',0,'2019-06-06 02:17:23','2019-06-06 02:17:23','2019-06-06 11:17:23'),('7dc53bc75029b3449013a1a8735480046613418552c1cb8807e336c9820f71fb3c521dd4a0995f7d',26,5,'MyApp','[]',0,'2019-03-29 08:07:28','2019-03-29 08:07:28','2020-03-29 16:07:28'),('7e7802d5cf9ac60c7e6c42b41eaff50ea47b2b4758957f66db41a0f9017428f82dd47d4d6abd1ecd',19,5,'MyApp','[]',0,'2019-04-11 07:53:18','2019-04-11 07:53:18','2020-04-11 15:53:18'),('7ea406b1a0ed04cc98c1a13156071d3a94ce41a9b363e56d6320f4a12d547502b917e3546eca45d4',38,5,'MyApp','[]',0,'2019-04-23 06:50:06','2019-04-23 06:50:06','2019-04-23 15:50:06'),('7f42e3cbd2c10db8eb3b3b0e8293abe598fdf936e1f97fc47137c35c0ce6a61c5ea52f635786cd0b',26,5,'MyApp','[]',0,'2019-05-17 01:38:23','2019-05-17 01:38:23','2019-05-17 10:38:23'),('7f4345456742bfd8ea2566ab7d7adda15ad4a12ad1502766a917f6435183e65ab09a052e539a0631',19,5,'MyApp','[]',0,'2019-04-01 06:38:08','2019-04-01 06:38:08','2020-04-01 14:38:08'),('8219cb2ff3c3b5655551e41240c1df6905fa3ec73e14b6fe8e8b57174f3f8512d8d93519a47505ba',26,5,'MyApp','[]',0,'2019-04-03 05:42:39','2019-04-03 05:42:39','2020-04-03 13:42:39'),('83652c55baaae6e65afd9b6c19f607227053685577d66414bb6b3e8373cd6d4c20fe02393554d8da',26,5,'MyApp','[]',0,'2019-03-12 03:07:43','2019-03-12 03:07:43','2020-03-12 11:07:43'),('837cd6996b7cb4854599f79fd4c2079029db40506c028403b36dc38230205bc15049c1cb4aba4fd3',6,5,'MyApp','[]',0,'2019-03-22 06:41:28','2019-03-22 06:41:28','2020-03-22 14:41:28'),('83e6e05f14ab2fb7e859039f6278e3aabccabfc48e2edb707d57bc0340d290de42b4614ddef8afc5',26,5,'MyApp','[]',0,'2019-06-05 01:27:11','2019-06-05 01:27:11','2019-06-05 10:27:11'),('83ecddbf5326883e693fb4d18a08be954762a01f911df1344b8d43bde39b77ccf66bcab2a2e64878',26,5,'MyApp','[]',0,'2019-04-03 06:31:12','2019-04-03 06:31:12','2020-04-03 14:31:12'),('8406b5aa5de7cec064e98c0706f593f61a9f4850793d233409cea583848b7905a7949f46c34305eb',59,5,'MyApp','[]',0,'2019-05-31 07:22:08','2019-05-31 07:22:08','2019-05-31 16:22:08'),('8560b341abd5e3345068645b4179769ff7be0ec48da1ccb56e5f405d0d9d09587b15ab7b269ba0bb',26,5,'MyApp','[]',0,'2019-04-08 07:25:14','2019-04-08 07:25:14','2020-04-08 15:25:14'),('858971257304129ac8ee7bde5841628be44ddf1ebd20fd6fcc64899c3e4f617c527c6893bd9b921c',38,5,'MyApp','[]',0,'2019-05-08 09:14:30','2019-05-08 09:14:30','2019-05-08 18:14:31'),('8685a8b11b10db7eb38c233ced7433d0d9360f3533691ad08b3c4758d8d2c0e0bdae6f34c887f328',26,5,'MyApp','[]',0,'2019-05-16 08:35:51','2019-05-16 08:35:51','2019-05-16 17:35:51'),('8771a270d6f743249c45efb61c2e9e23310930adda8a438d4b3a4e75ad7ccafe82a0182a9eed418c',26,5,'MyApp','[]',0,'2019-03-28 06:27:54','2019-03-28 06:27:54','2020-03-28 14:27:54'),('87af1ad15cdf85933c9f422b96db709eed1186f99e939fcd6adc77e66a791af9dbc3524a04c944d5',6,5,'MyApp','[]',0,'2019-03-27 07:52:36','2019-03-27 07:52:36','2020-03-27 15:52:36'),('88488c2de0a79cfcd5eafca08a12ead23bd41341eab2643700f805ce20426b5d1fbacfc0e6cfe71d',26,5,'MyApp','[]',0,'2019-03-28 02:40:17','2019-03-28 02:40:17','2020-03-28 10:40:17'),('885776e1c65e998a68a2b98b6f7b39697798dbec530ae55124e3c753fe46a5d12fa99bf19e687613',26,5,'MyApp','[]',0,'2019-04-08 07:10:05','2019-04-08 07:10:05','2020-04-08 15:10:05'),('886e094b17f86cf25baeb2c055e65b4a3410b82f4bf62fda5b5f38385eb2aac01c4a86b4b675c5fe',26,5,'MyApp','[]',0,'2019-03-19 06:18:58','2019-03-19 06:18:58','2020-03-19 14:18:58'),('88baa3b2fc2695edcde9aff4e91fdd35bf2eb8938824ce33864442ea37746de87b7a80ed9ffdf285',46,5,'MyApp','[]',0,'2019-04-12 09:38:41','2019-04-12 09:38:41','2019-04-12 18:38:41'),('895407aa71202e6274588dbbe134cf33b897398da13020c762fc30da3d5d5c0f105d423bc2dc8e1d',35,5,'MyApp','[]',0,'2019-03-08 02:50:44','2019-03-08 02:50:44','2020-03-08 10:50:44'),('8a7b00449fb41d51f7411aa824a390ba3e6fc1365372fe03f74e120952183232c0679ac9187414f5',26,5,'MyApp','[]',0,'2019-03-28 03:10:00','2019-03-28 03:10:00','2020-03-28 11:10:00'),('8c1731343d7789dff2767b7c24166e6b4a9b5d6ab233c608f6115e92ca8f03653b952b3327e066f1',13,5,'MyApp','[]',0,'2019-04-01 07:59:12','2019-04-01 07:59:12','2020-04-01 15:59:12'),('8cea414b8b3f853b5de5f13e9a6e4766bb6a2a21b36b19e4da0cef5bf56b8c30647df96d7519bf39',59,5,'MyApp','[]',0,'2019-06-04 01:41:30','2019-06-04 01:41:30','2019-06-04 10:41:30'),('8d1fb2b0505ce4ffceed52c23d29aefe4c466fbe48bdef500fc1740338c0c62166bebd54586258ee',26,5,'MyApp','[]',0,'2019-03-12 05:44:46','2019-03-12 05:44:46','2020-03-12 13:44:46'),('8d9ced00d6e5d80c2d84fb0a0382e61ff6acb406c14962c75679bda9b876f2bb24f0c56ea8db042e',6,5,'MyApp','[]',0,'2019-03-22 06:39:03','2019-03-22 06:39:03','2020-03-22 14:39:03'),('8ee10dbe083cd88a7142f28e89caea666b03f602b2d024d1bf0c9cec92fb889bf2d5f09812d37ad4',26,5,'MyApp','[]',0,'2019-03-28 02:49:40','2019-03-28 02:49:40','2020-03-28 10:49:40'),('8eeda4e9ff503ce7357a179fae4b0f6f00e9cb8d55914d0a625f0d83b18bee9c0493ecd6e95bac53',26,5,'MyApp','[]',0,'2019-03-06 05:46:35','2019-03-06 05:46:35','2020-03-06 13:46:35'),('8f3a471c10190df430bb1892501dd174dcf6906dbc3d39837f0d15c84b7c8a466620f721c56a7d66',26,5,'MyApp','[]',0,'2019-04-03 06:38:23','2019-04-03 06:38:23','2020-04-03 14:38:23'),('8f79015e32a9da210b58422fe70e2d84e09e5bc2ddc4bee17a4877c95bdc9e0c5ac7b18a06c25943',26,5,'MyApp','[]',0,'2019-03-12 09:58:48','2019-03-12 09:58:48','2020-03-12 17:58:48'),('914698223e0dd0f64e51e9b286f0e529fde805a6add2cdce77ac2a1250f82eaf67656e1bf1b3afd1',26,5,'MyApp','[]',0,'2019-05-22 08:25:03','2019-05-22 08:25:03','2019-05-22 17:25:03'),('91e87aae42888f2873a89a02e0489090739c7488d742211045a185b0ae6642d6c8e7813254468c06',26,5,'MyApp','[]',0,'2019-05-07 01:40:49','2019-05-07 01:40:49','2019-05-07 10:40:49'),('931c9e4cb3121ef67c7b86a37443a9d1d2dd5b587b12bad74a8f6111d55fe5ff1d7813173ed0ab1c',42,5,'MyApp','[]',0,'2019-04-15 01:51:48','2019-04-15 01:51:48','2019-04-15 10:51:48'),('94b2f181f2d36d6a6d1369ec5d13d0c7a6752386ea4564781f980f9a2e6128f0cb10434552454736',26,5,'MyApp','[]',0,'2019-05-20 01:25:55','2019-05-20 01:25:55','2019-05-20 10:25:55'),('94fc8270b8d3f5bc21c75b3cae601efe2f59712b012e1592b219e0735e06923b8fc5c6b212bbd327',26,5,'MyApp','[]',0,'2019-06-04 01:54:06','2019-06-04 01:54:06','2019-06-04 10:54:06'),('968e1f776b36d4853fd75a838b8bc7b0315e46b3ef9d23222c6894d2c229a51cbc472249dce32af9',26,5,'MyApp','[]',0,'2019-03-06 08:18:37','2019-03-06 08:18:37','2020-03-06 16:18:37'),('968efa7a506f589eefe5f687df538c7e255ddac8be26eaa2be2eef655bd71a4ddd945207d3407f12',19,5,'MyApp','[]',0,'2019-03-28 06:35:40','2019-03-28 06:35:40','2020-03-28 14:35:40'),('9742c7f253b17b61c0851e6ffd18291d5d407ff7995858bd4f97af5527117b0454b1dbb922d8213f',26,5,'MyApp','[]',0,'2019-03-06 09:25:24','2019-03-06 09:25:24','2020-03-06 17:25:24'),('97b998a986134e9cb6ced1ed09d98c915fe00def61a3944e13c65ad042ba59163f0c88b51371271d',66,5,'MyApp','[]',0,'2019-06-10 07:47:49','2019-06-10 07:47:49','2019-06-10 16:47:49'),('97c239d415f70c9d3f64ee91b4adb2a4454f485ad8350a39f91ab9d1f125c0a15fab378e4642325c',26,5,'MyApp','[]',0,'2019-03-11 07:41:01','2019-03-11 07:41:01','2020-03-11 15:41:01'),('98d81e49794efb8aead3d7e07678597f5d69ca9d4a0755dd7534df31c1e4040df3a0cabce4059f18',42,5,'MyApp','[]',0,'2019-04-15 03:08:01','2019-04-15 03:08:01','2019-04-15 12:08:01'),('997901d4a48b428677c83d354ac89f566315438e508d465e4c0ff2ee81543d4bf720dfe167c87ac3',19,5,'MyApp','[]',0,'2019-03-28 06:19:05','2019-03-28 06:19:05','2020-03-28 14:19:05'),('99e632dff39dcaecaa940b702e3f3029d5ec33e933172defeb0208becd80874ce63a5ef647f074fc',26,5,'MyApp','[]',0,'2019-05-21 09:49:06','2019-05-21 09:49:06','2019-05-21 18:49:06'),('9a45be6bc1c9cd3cc1b5185beb6f4a94d44ca6c75c09f2556cdec9efc5e212abdb95491a8f937dee',27,5,'MyApp','[]',0,'2019-03-08 02:23:48','2019-03-08 02:23:48','2020-03-08 10:23:48'),('9bbc6c24b9c441745964bf03cea2ae4f09f65c9ae8b44843aca32002b1973310c1109c4556505a5a',38,5,'MyApp','[]',0,'2019-05-09 09:45:46','2019-05-09 09:45:46','2019-05-09 18:45:46'),('9bf67e19e424bd5c987a9499b206c1d30fabd6ab5989a3bd63e92c7cdf5444a6d94c01b22f8c3664',26,5,'MyApp','[]',0,'2019-04-16 01:41:10','2019-04-16 01:41:10','2019-04-16 10:41:10'),('9c4e3d7f33ee28179b8b1ec3f5b8ca162cab29f882b23b1b3bee51d7941b4ee6b08c70cb8ebcae0b',26,5,'MyApp','[]',0,'2019-03-13 08:14:15','2019-03-13 08:14:15','2020-03-13 16:14:15'),('9e328ed2de3f36117cc94c4468a6af983fc6c249501181d5071f44708c795feec36c014e1831720a',46,5,'MyApp','[]',0,'2019-04-15 01:21:49','2019-04-15 01:21:49','2019-04-15 10:21:49'),('a07ad91533b3815a011b35276fb8572fc62451ad80b5bd240605674c5ff68c3e92ca7663718e0eb2',26,5,'MyApp','[]',0,'2019-03-28 05:08:47','2019-03-28 05:08:47','2020-03-28 13:08:47'),('a106df185feb7f10f06b125784dda46edf18c9ffbd57f2bbb1afdd2ffdce40bc4d2650a0cbdc65a8',41,5,'MyApp','[]',0,'2019-04-12 08:35:48','2019-04-12 08:35:48','2019-04-12 17:35:48'),('a1c0e84bf22c1b3043c3db5e67fd987a0b805cbba38af7cfd1d6692856b469b71c7700abd64620a8',42,5,'MyApp','[]',0,'2019-04-16 02:10:54','2019-04-16 02:10:54','2019-04-16 11:10:54'),('a21f3eb67f252e21a2176a9d376f9c49c03d3514d20e83e3ea350a61ff715203079c6f358b68af26',26,5,'MyApp','[]',0,'2019-04-16 01:50:49','2019-04-16 01:50:49','2019-04-16 10:50:49'),('a2d87993bc1c39bfe5db04e8ee546dc59254b8005a5c1ff538e5e0e2d4ccb3d744399b996e6ce24d',38,5,'MyApp','[]',0,'2019-05-06 01:24:15','2019-05-06 01:24:15','2019-05-06 10:24:16'),('a2e441d3eba45268858fb482f44299642fa11a8818022236c022fbc99842fe1421b2ac22280ca116',26,5,'MyApp','[]',0,'2019-03-12 05:43:38','2019-03-12 05:43:38','2020-03-12 13:43:38'),('a37d9baa230bdfc303d32b0be7d4480cd6054cd90a2780b5eee36cd6905693d353a7ab66bd5932a9',26,5,'MyApp','[]',0,'2019-03-26 06:53:40','2019-03-26 06:53:40','2020-03-26 14:53:40'),('a53b9e1980d300fd9b3f9fc0b629a0bd1427fb4b4bed0ac8d2261bcf1ababcc77dec1e8a33de35e1',26,5,'MyApp','[]',0,'2019-03-25 08:04:35','2019-03-25 08:04:35','2020-03-25 16:04:35'),('a5e64b89e0dca1ac8291dff50e8ff7626d87f985dd511f3ae39c86073e2bde60556225e2c84a5077',26,5,'MyApp','[]',0,'2019-04-11 06:31:06','2019-04-11 06:31:06','2020-04-11 14:31:06'),('a6c25b12c23ebf123ac5d4ceb6f210dcbacaa6d86da8d1622d98f9d0ab48e01bbfe4917a5d64a277',26,5,'MyApp','[]',0,'2019-04-04 01:18:25','2019-04-04 01:18:25','2020-04-04 09:18:25'),('a6fed2e9e610dc2edc6457c1f278f90724f8e934829d9992c16a613b77644ca3bd118c4f605fd63a',26,5,'MyApp','[]',0,'2019-03-12 05:45:21','2019-03-12 05:45:21','2020-03-12 13:45:21'),('a718d6c4ba7b1b901c00223de23719c3ce5d290521c854b54e8b4a82a56befb79f8f070471959739',59,5,'MyApp','[]',0,'2019-06-06 08:48:40','2019-06-06 08:48:40','2019-06-06 17:48:40'),('a843077f8df17bb9841bfa2f15adf8c0c9524005f00a29a4e800aebcf92830ffb4c5a1c834c41fc5',26,5,'MyApp','[]',0,'2019-03-08 02:12:45','2019-03-08 02:12:45','2020-03-08 10:12:45'),('a99579cd6ed271613095219eb27a0eaf1fa945a06bc2d1e3c0e4f947e6d2d3fb8233ff1bf7fe7238',6,5,'MyApp','[]',0,'2019-03-05 08:09:20','2019-03-05 08:09:20','2020-03-05 16:09:20'),('a9c66ce0bd3fec709a9906a84c7c05de318ab28601a858d298f88897423ed5287d574f599bb4e69d',38,5,'MyApp','[]',0,'2019-05-05 09:50:14','2019-05-05 09:50:14','2019-05-05 18:50:15'),('aa794c6b4a84044afaf241af5727bf601c22e637c0e419aabe6d8f6b3375e3fbb2e331b5bab0df68',26,5,'MyApp','[]',0,'2019-03-08 02:14:03','2019-03-08 02:14:03','2020-03-08 10:14:03'),('ab1d4092d3b40b96c274a96bfacb1b2812fde4b9cce579973857a9eeabea997dc5dece57d81b10b3',59,5,'MyApp','[]',0,'2019-06-04 02:27:15','2019-06-04 02:27:15','2019-06-04 11:27:15'),('ab4835ecf48b21cd1a216464f327dec25e9f12a09847563b374b4f32bc861c1086073547a7fc92bb',26,5,'MyApp','[]',0,'2019-03-28 01:22:53','2019-03-28 01:22:53','2020-03-28 09:22:53'),('ae71e5541033343ae468c4c488ec2374a954f35417bbd10e18938a745f5e9f85e6fa17e8381efc77',26,5,'MyApp','[]',0,'2019-05-16 01:46:25','2019-05-16 01:46:25','2019-05-16 10:46:25'),('aef5205073578755c305e1d9824f426ac307d3b459f430782092fa3a67170f54172a321bc8b15720',26,5,'MyApp','[]',0,'2019-04-10 07:25:31','2019-04-10 07:25:31','2020-04-10 15:25:31'),('af61faa3ad6c5e72a6fcbe2cf7efce37f910e3375037379619027b39debc8f3f2395637921a7a6cf',27,5,'MyApp','[]',0,'2019-03-08 02:24:22','2019-03-08 02:24:22','2020-03-08 10:24:22'),('af6297af2503165d735e4b6698c9f829148d85a57a9d07674a327618dcb487890c79f2948bdd3aef',26,5,'MyApp','[]',0,'2019-04-11 01:51:28','2019-04-11 01:51:28','2020-04-11 09:51:28'),('b040ffad87ca80dd32e63f05e18c60266354d87a3910edc24d9668761ec88a4e51899fb57d4e664b',42,5,'MyApp','[]',0,'2019-06-10 07:46:51','2019-06-10 07:46:51','2019-06-10 16:46:51'),('b1b7d2114a75209796b5071828cb747af714863c6434f89de8834d2de082ceb155711f02813c91d5',26,5,'MyApp','[]',0,'2019-05-09 09:54:33','2019-05-09 09:54:33','2019-05-09 18:54:33'),('b35e17a40fa1d2eb90eed2d416db4b2ccadfb814ee9222a195102143cbc8d6724f3fc2b071081a93',6,5,'MyApp','[]',0,'2019-03-12 08:00:54','2019-03-12 08:00:54','2020-03-12 16:00:54'),('b3ff88f580ec8fd4598f89f2a85e032059c33746f7b1f2954746ba86d032be52ee760b909e3eb384',26,5,'MyApp','[]',0,'2019-06-10 06:48:32','2019-06-10 06:48:32','2019-06-10 15:48:32'),('b42f52c6d4130b9c6da8246a5741629c2df57260cfb308ec0c6873ce6ccc312227109c0c5dedc8a1',27,5,'MyApp','[]',0,'2019-03-14 04:28:06','2019-03-14 04:28:06','2020-03-14 12:28:06'),('b4a3b40165842fd838f0ad35b1df40e1664debe474d22f39f03284f3d7f8965c7c0d08e068bb3d74',26,5,'MyApp','[]',0,'2019-04-16 05:26:08','2019-04-16 05:26:08','2019-04-16 14:26:08'),('b4f0ab97a700279b2230027889eea9329946de2f15dc0caf96ad75cbb9f2e97b4e5f66c7d1d4165c',57,5,'MyApp','[]',0,'2019-05-22 07:10:50','2019-05-22 07:10:50','2019-05-22 16:10:50'),('b5351f99e1f4cd5155f40c9bacfd620365569c013fce597e55d1f61e8dcae93c50e0d5a9647c3732',26,5,'MyApp','[]',0,'2019-04-10 06:52:44','2019-04-10 06:52:44','2020-04-10 14:52:44'),('b56d17b65074bc5b2b2625d7740ef715ff0cf732651632e3d81f4834e6c606eba04ec0ff5f9aef74',41,5,'MyApp','[]',0,'2019-04-12 09:04:31','2019-04-12 09:04:31','2019-04-12 18:04:31'),('b75b348767bc59139b82f1b0b03330bcde9d1c5ebe9ff42e4af4ee34fb133e5685474d96a88112f2',23,5,'MyApp','[]',0,'2019-06-05 11:00:44','2019-06-05 11:00:44','2019-06-05 20:00:44'),('b7ee0b77efae2fcc3e218d312fd2173743ea92a6e3fc83c91ab80faa6c0891093d7afadd1b6b025d',19,5,'MyApp','[]',0,'2019-03-28 06:11:36','2019-03-28 06:11:36','2020-03-28 14:11:36'),('b819fff955fe0a942a59145e66df56a04e31f7ce605146d09b31450ed3eb2412346a52abbbfd8fdd',26,5,'MyApp','[]',0,'2019-04-01 06:04:21','2019-04-01 06:04:21','2020-04-01 14:04:21'),('b8b9860b4e7549ab73ea8ccf6e64835f7b0410d2beb6287cc70f8bd617c3461441504a895c114084',26,5,'MyApp','[]',0,'2019-03-25 09:12:53','2019-03-25 09:12:53','2020-03-25 17:12:53'),('baf208acfbf28644019279954e9ebc7be6a54dce3865cd07d229d810ccb2039de20600e514ed315b',42,5,'MyApp','[]',0,'2019-05-30 01:43:18','2019-05-30 01:43:18','2019-05-30 10:43:18'),('bbd6aafc83335eb74f0c629ba920b8b1018f85394484f69814d03a0dfd9d212b4d9571366df5b8b8',26,5,'MyApp','[]',0,'2019-04-16 07:02:01','2019-04-16 07:02:01','2019-04-16 16:02:01'),('bc5ac4d14d236224490b3be8d39b7a4036e78526cb14b0a75bc4243d0e6895d733741d81238a925d',26,5,'MyApp','[]',0,'2019-04-25 01:36:48','2019-04-25 01:36:48','2019-04-25 10:36:48'),('be7a833c3194330c11163c2ec46f61660f47051a1798f7810872741d5271532a618251dbd2c73dcd',26,5,'MyApp','[]',0,'2019-03-12 02:11:12','2019-03-12 02:11:12','2020-03-12 10:11:12'),('bebd5ee478c9fef42f52c4f779af34f08582a0a50f57f5443dfa617c0ba5b15a71ed5f0001098f4a',65,5,'MyApp','[]',0,'2019-06-06 02:20:16','2019-06-06 02:20:16','2019-06-06 11:20:16'),('bef25eacf15fa3f5c382d953d066a22fdc4f97e2f7e764f113f6d53ac21609eb5025d74109759393',34,5,'MyApp','[]',0,'2019-03-08 02:37:41','2019-03-08 02:37:41','2020-03-08 10:37:41'),('bfdb507547486175a9c02af6f5ca08d1b4d4e53b96ca290be0f3402f152e3fedf061863625a11c51',26,5,'MyApp','[]',0,'2019-04-24 02:22:05','2019-04-24 02:22:05','2019-04-24 11:22:05'),('c0169f82340ab5c07c6689d0ab6da5865bd4776cd07e04163c30e68dd062b385a2a5ff2c2b36eecc',6,5,'MyApp','[]',0,'2019-03-22 05:59:33','2019-03-22 05:59:33','2020-03-22 13:59:33'),('c052232c9f1b2d809710fa1c58a4106bd57e103fd62c9aedf8057b8d8dd3ef8b78680f79db603df0',53,5,'MyApp','[]',0,'2019-06-06 06:54:37','2019-06-06 06:54:37','2019-06-06 15:54:37'),('c0798125a330d7b9c5a62f2861f33e7b840657c5c16d9eff7c39be26aaacc36f240e6050106bbf17',26,5,'MyApp','[]',0,'2019-03-06 09:25:40','2019-03-06 09:25:40','2020-03-06 17:25:40'),('c0ee4508498d57a165445510c317e906d3760b82af0becabcac99166d2f24596dd21e2cc530e992d',26,5,'MyApp','[]',0,'2019-05-30 06:47:54','2019-05-30 06:47:54','2019-05-30 15:47:55'),('c15a873e98724f56fd30760d6ec5fec4484ac0850a129fe4ca8afa8d01adc808072ce945c2b1c59b',26,5,'MyApp','[]',0,'2019-03-11 02:31:06','2019-03-11 02:31:06','2020-03-11 10:31:06'),('c1a54c2e672d8e8b4000e5b67699e97d68879e21258a5dcf1250781ce3b9bb4f6d6da1b19c67d230',26,5,'MyApp','[]',0,'2019-05-10 00:51:13','2019-05-10 00:51:13','2019-05-10 09:51:13'),('c1bfa0ffdc7964021fc2473b5dc44b68ecc53e045ab542fc60e45fdaace295b119f66da6b4c9bc70',26,5,'MyApp','[]',0,'2019-04-11 08:06:27','2019-04-11 08:06:27','2020-04-11 16:06:27'),('c207cf3e66e7d5478355036d811cc5ddc15c36940ad359ab58a72bcefc35fafc5f650f330dd69121',26,5,'MyApp','[]',0,'2019-04-01 01:25:16','2019-04-01 01:25:16','2020-04-01 09:25:16'),('c25f296aab18f29ff15571995fa5a40ac112c96a4b6c4ce221f37ef295725db232ac8498e6f9e0b5',53,5,'MyApp','[]',0,'2019-05-17 09:43:34','2019-05-17 09:43:34','2019-05-17 18:43:34'),('c29d5ef427759b47dff3be3b4df66c45ca4ebfea816d2f63d7d8dde6cc482735854c6aa64b6e574f',26,5,'MyApp','[]',0,'2019-04-22 01:42:31','2019-04-22 01:42:31','2019-04-22 10:42:31'),('c36a8e1344a2909e9d09d8688d2448ffbe5eeaf108f70f26d98b7fe27f5e3c454c05fb4112b51cfd',59,5,'MyApp','[]',0,'2019-06-05 07:07:37','2019-06-05 07:07:37','2019-06-05 16:07:37'),('c4fab5f7a0a21fdcf1d1542db03d7576e2ed6b407f7cbae316a927b2d69720339d6c0ff64d32a71f',59,5,'MyApp','[]',0,'2019-06-06 06:45:52','2019-06-06 06:45:52','2019-06-06 15:45:52'),('c535b662fa4e0f16b26ee91bb3dbd0a77eb91c1d596e41cfd86838bca8f0e2c8acc6a184f1221bfa',59,5,'MyApp','[]',0,'2019-05-31 07:21:37','2019-05-31 07:21:37','2019-05-31 16:21:37'),('c53fb083efb2cf1042942f68e9b87fe7be82ffd595f6b7f03c6016f098863060df9897f25a6d446d',26,5,'MyApp','[]',0,'2019-04-11 01:34:24','2019-04-11 01:34:24','2020-04-11 09:34:24'),('c5492ed51b8eb919d5a14bacd570b858e35df44ec668e5c43c68c6544c5bcf67b6717f189553037c',38,5,'MyApp','[]',0,'2019-05-07 01:36:36','2019-05-07 01:36:36','2019-05-07 10:36:37'),('c850aa9550327d12503a054f47ab07d594593cb07a9edd5652f306df1d4a5ef53349e51948d50ffc',42,5,'MyApp','[]',0,'2019-05-30 05:30:13','2019-05-30 05:30:13','2019-05-30 14:30:13'),('cac5044ff6dd6b065cfb2f9b245fe14a332bbe9695681fd458ca756f044536ad34ce9ff0fc2a4090',26,5,'MyApp','[]',0,'2019-03-12 05:46:12','2019-03-12 05:46:12','2020-03-12 13:46:12'),('cc94265e739279cd6cc0b8d977e1cbdf375a0e1d2a90ef64134e69aec8ff09e1512383410b70fbc8',45,5,'MyApp','[]',0,'2019-04-12 09:37:45','2019-04-12 09:37:45','2019-04-12 18:37:45'),('cd71eb6ded316ea7faef39bef07a0064ab502274f1e42ba1cfdc458db6bffe306886847e2ad0848f',26,5,'MyApp','[]',0,'2019-04-10 07:37:38','2019-04-10 07:37:38','2020-04-10 15:37:38'),('cde5c311a4b83c99b9b2eac15b1ab44386e943c4023d8a043c75597f93aa6f551ce38c6e0aeb8ade',26,5,'MyApp','[]',0,'2019-04-10 05:59:17','2019-04-10 05:59:17','2020-04-10 13:59:17'),('ce2023fbb5e3751df7c8b61108ceb874f68022f5cd2a1d4a825021e6b92d0ef633e94527b299f308',26,5,'MyApp','[]',0,'2019-05-30 08:53:43','2019-05-30 08:53:43','2019-05-30 17:53:43'),('ce4fea90174367f07f46f7003284a4ce9d3c1674969380109ba8020d20c369ba7d974a025f7a3161',26,5,'MyApp','[]',0,'2019-04-02 02:15:30','2019-04-02 02:15:30','2020-04-02 10:15:30'),('ce8b24634496b8d59e99ec82c3ef0d8c2dd141f8a7e2d356460191f1c560efd333d3d573f0e2f24a',42,5,'MyApp','[]',0,'2019-05-22 06:58:58','2019-05-22 06:58:58','2019-05-22 15:58:58'),('cec766fd2e9c998bcb6ef8cebac52ae3bfbd1055168370587d14e825b4eede7b2216b45c25353b78',38,5,'MyApp','[]',0,'2019-04-17 07:17:21','2019-04-17 07:17:21','2019-04-17 16:17:21'),('cffd0cc1c2f43c2c1084c6590f3ff41fca4caa28956d58f4a8227edb8f241bb481ba566ac92e3df8',26,5,'MyApp','[]',0,'2019-04-01 06:20:36','2019-04-01 06:20:36','2020-04-01 14:20:36'),('d1867e4100a30bb5e26e2d71b13292166288b9cf81b0b159f49480819d063eea8a11cb1ab3b6e17f',26,5,'MyApp','[]',0,'2019-03-26 01:12:38','2019-03-26 01:12:38','2020-03-26 09:12:38'),('d1a31f6591fb34c54e20f89a636a108a9c9745f29fe4d2ec1edb199f03216ce92fdf193c56f18098',26,5,'MyApp','[]',0,'2019-03-12 07:55:36','2019-03-12 07:55:36','2020-03-12 15:55:36'),('d2b2bb2e739400f2564a7bf45f4021ffed4fa6a3f6d790f60f675fe01d25e7b5aa39be2bb482568f',26,5,'MyApp','[]',0,'2019-03-28 07:51:59','2019-03-28 07:51:59','2020-03-28 15:51:59'),('d3145e7992736aa2fcfeee08d0e98bad4b479f3c64b7b472bd06bf801ac9a64d3ace9c412176139d',33,5,'MyApp','[]',0,'2019-03-08 02:36:59','2019-03-08 02:36:59','2020-03-08 10:36:59'),('d4b7eef113cabbcba435fb8a3d3712faacf59beb776140ccb31300b3c86bf6dae37e01ea45e11bdb',26,5,'MyApp','[]',0,'2019-05-16 05:46:56','2019-05-16 05:46:56','2019-05-16 14:46:56'),('d89424c86fad4f2760121a11c72b945e64955bdbfa0ff636f97d18bb3fe011395e99003432722283',26,5,'MyApp','[]',0,'2019-05-21 02:16:41','2019-05-21 02:16:41','2019-05-21 11:16:41'),('d8cd384ee57eabe2e14a4138eb1bf2d03d71c7028e8dc6d1f6c1b5a5ffa3f4e34aaf0785a24c5873',26,5,'MyApp','[]',0,'2019-03-05 08:53:42','2019-03-05 08:53:42','2020-03-05 16:53:42'),('d975764e49b0f14aacb6a77af35001c64acb68238f2ce96fe75154687c63120e1d717328df860b62',38,5,'MyApp','[]',0,'2019-05-06 01:17:58','2019-05-06 01:17:58','2019-05-06 10:17:58'),('dacca2acb13f4dda9fd20a5f6a146460469097af4b617f5440c266c1aa77bfdd15b72c239d4e189e',26,5,'MyApp','[]',0,'2019-03-11 01:15:37','2019-03-11 01:15:37','2020-03-11 09:15:37'),('db5246317c8065c41a6c0bb69dc3b9e98e77a8d6219b0df68ff9dabee03b346ee0807be7cda9db93',26,5,'MyApp','[]',0,'2019-03-08 02:11:50','2019-03-08 02:11:50','2020-03-08 10:11:50'),('dd5d0f6c7469c70659eaa202dbe66dc0cab785a438b3c1a19199f554aaf945a671ad28d30be2fb73',20,5,'MyApp','[]',0,'2019-04-11 08:11:19','2019-04-11 08:11:19','2020-04-11 16:11:19'),('ddcf01755f92b8c62ca7856c542586821e4255c8fea82d19c7f4b4100efbc1b7e1d5d5bcaef42323',44,5,'MyApp','[]',0,'2019-04-12 09:32:31','2019-04-12 09:32:31','2019-04-12 18:32:31'),('de2723e77549fdf80f44a2656f82431c2cfaf302b7c78b453951e8baea19f2c12130f716e8f714b6',26,5,'MyApp','[]',0,'2019-04-15 04:33:51','2019-04-15 04:33:51','2019-04-15 13:33:51'),('de3dd56953fc6a46846301cdd407b44b3fe808f70eed3652a04f988b28fecf0064e80eee80008b9c',26,5,'MyApp','[]',0,'2019-04-09 05:30:58','2019-04-09 05:30:58','2020-04-09 13:30:58'),('de9dc7ebb11c874ae67bcff52424bd0ec764837d4580d9aec94105bbb17e594000adf56f31ee6a2b',27,5,'MyApp','[]',0,'2019-03-11 08:18:34','2019-03-11 08:18:34','2020-03-11 16:18:34'),('df0bc98a59a15437d3827de61574a2e2d42e9588ffd8a80a201985ab2795af2fd960026887873e71',6,5,'MyApp','[]',0,'2019-03-22 06:08:45','2019-03-22 06:08:45','2020-03-22 14:08:45'),('df1d1893b7dbf7c1932ca4f8150a11309d4262ca337c5a46ee1833a122ee0e3d42e7232c52b00057',26,5,'MyApp','[]',0,'2019-05-14 09:14:44','2019-05-14 09:14:44','2019-05-14 18:14:44'),('df7622f6ae7ee3a8b243f4e7a5a8681a53fae82c47d030666cf4dd424928df6183e8cfff346e7b15',26,5,'MyApp','[]',0,'2019-03-28 06:11:12','2019-03-28 06:11:12','2020-03-28 14:11:12'),('dff86b1b926e8a35b4caaec790172d99e271c7c5442b566ff9d104167d2d0da75880fb4ecce2e60d',53,5,'MyApp','[]',0,'2019-06-06 06:47:55','2019-06-06 06:47:55','2019-06-06 15:47:55'),('e25063f07d0eb6d974e2e58941347db79ec624e253a37524ba7003c55690b3380d1f96c19d0d7939',26,5,'MyApp','[]',0,'2019-04-02 05:23:50','2019-04-02 05:23:50','2020-04-02 13:23:50'),('e8165d5b06aea9fa68eab3dc8bfe24aaec75de0a361bd3f879f0578565550551d178cc972955fe50',26,5,'MyApp','[]',0,'2019-05-10 01:15:12','2019-05-10 01:15:12','2019-05-10 10:15:12'),('e83d5d9d2c7b89432c4c2bcf3431dc9424f461b0b938e78928bdb52fb54a7da8daef4c2f27487dd3',26,5,'MyApp','[]',0,'2019-03-08 01:28:12','2019-03-08 01:28:12','2020-03-08 09:28:12'),('ea4083acf014e2ce69cbcbecc3821d932c8afde60d21455825a795c76add06dde36a270b9ce7b6d1',26,5,'MyApp','[]',0,'2019-04-08 08:56:46','2019-04-08 08:56:46','2020-04-08 16:56:46'),('ea5f82166cc7e937ee1c80516d2d519ec66d6c510dfd99bb67a6d42c7537bf555cabedc78def11c0',26,5,'MyApp','[]',0,'2019-04-12 09:14:47','2019-04-12 09:14:47','2019-04-12 18:14:47'),('eb22174ee140ce01e864e22a7523c90bd19b432a7c40affd01685c66a01189cd97fa701e92581c66',26,5,'MyApp','[]',0,'2019-04-15 03:16:11','2019-04-15 03:16:11','2019-04-15 12:16:11'),('eb61546b333b501bc11efbd6e56632ed4e38ed0680799477269273efe08f89eac4a2d13b1de4b67f',57,5,'MyApp','[]',0,'2019-05-22 07:10:16','2019-05-22 07:10:16','2019-05-22 16:10:16'),('ed29c9560d4150d0fa37b1f34ced952d21121a53f9f3ccc3c3fde294362706236f87b84ecb4cef79',53,5,'MyApp','[]',0,'2019-06-06 07:20:49','2019-06-06 07:20:49','2019-06-06 16:20:49'),('eefeab1d51435255b94922fb175e8907b1bf36ab7304fd688ae09ebc63d2fb364de7511be0a35210',6,5,'MyApp','[]',0,'2019-05-27 07:02:54','2019-05-27 07:02:54','2019-05-27 16:02:55'),('ef1c20b0fd9c42adbac74ce4e98904f28b92e78bd7bc8629b6c0b0640fd606a287912fd701f906c0',26,5,'MyApp','[]',0,'2019-03-11 02:25:07','2019-03-11 02:25:07','2020-03-11 10:25:07'),('f1855052c670dabc6ea59f9a67f4e2588c1bf5dc098479a80ff1b7d44dda8782bbd00a30806083b7',26,5,'MyApp','[]',0,'2019-04-11 09:17:14','2019-04-11 09:17:14','2020-04-11 17:17:14'),('f1cb26e11c7fd1137fb3307182f7e3177df002eb93807931a5b3f8b506d166c7a1f18856e9566192',26,5,'MyApp','[]',0,'2019-04-03 01:18:06','2019-04-03 01:18:06','2020-04-03 09:18:06'),('f2851c84ad8e0a0ffc1f10f523b65c462a1cc746a7f9e26b4ab055ec739ba142672a66362ee51708',6,5,'MyApp','[]',0,'2019-03-25 05:58:54','2019-03-25 05:58:54','2020-03-25 13:58:54'),('f320764b1e180144822f3f5f3c361ac62be841cafbe56c23b0ca134e732357aee677ad9526fe6442',20,5,'MyApp','[]',0,'2019-05-23 05:50:39','2019-05-23 05:50:39','2019-05-23 14:50:39'),('f40ccc5fcec0f2b45bc7bdcf0798e439fc400b2756bc430af63168759e0fc501663e19456c182fbf',6,5,'MyApp','[]',0,'2019-03-20 06:19:31','2019-03-20 06:19:31','2020-03-20 14:19:31'),('f5202c6b9490c4958cacfe823520e7cf758abbea2712031ac327c09cf07a4e12a9d96f6c3e7d19a3',26,5,'MyApp','[]',0,'2019-03-25 08:57:19','2019-03-25 08:57:19','2020-03-25 16:57:19'),('f62b9d9754f2776565dc10de95f4b1289d0c8a38083181568f59b931973f5477616859f665b83bf3',26,5,'MyApp','[]',0,'2019-05-09 01:48:57','2019-05-09 01:48:57','2019-05-09 10:48:57'),('f673b8bd20dfd100bae7b3d6eed8b80de5ab006a5862d68e8a6b28d8e50c02a513cd09ca95c8723e',26,5,'MyApp','[]',0,'2019-05-20 08:57:53','2019-05-20 08:57:53','2019-05-20 17:57:53'),('f70c2f7c96332f88eec0c5145eedcdfecf2066c02cdc403056b5796a6581611820e4cdfcf664d001',26,5,'MyApp','[]',0,'2019-03-12 05:41:39','2019-03-12 05:41:39','2020-03-12 13:41:39'),('f83911afbd7f649b94c786871a8ead15c64702f01b95b3256ee2d80479b6378273ff32cfe756e182',42,5,'MyApp','[]',0,'2019-04-16 02:08:54','2019-04-16 02:08:54','2019-04-16 11:08:54'),('f859a3056a73239f38b7347cb1b58564084f46f7bb4069c30d22b4f747f31be9ea87cc4085828852',26,5,'MyApp','[]',0,'2019-05-31 02:05:42','2019-05-31 02:05:42','2019-05-31 11:05:42'),('f916fa77360a5a0f4b2c632a474a5589578dd903ee720036100230d9b3fe348fa4861a7a31a04360',53,5,'MyApp','[]',0,'2019-06-06 07:05:55','2019-06-06 07:05:55','2019-06-06 16:05:55'),('fa097c8f72205385d4643982ea2b2209a19f8eabf9b4c81a974ce615ac5d469be7fff72139563e61',26,5,'MyApp','[]',0,'2019-04-11 06:31:22','2019-04-11 06:31:22','2020-04-11 14:31:22');
/*!40000 ALTER TABLE `oauth_access_tokens` ENABLE KEYS */;
UNLOCK TABLES;

--
-- Table structure for table `oauth_auth_codes`
--

DROP TABLE IF EXISTS `oauth_auth_codes`;
/*!40101 SET @saved_cs_client     = @@character_set_client */;
/*!40101 SET character_set_client = utf8 */;
CREATE TABLE `oauth_auth_codes` (
  `id` varchar(100) COLLATE utf8mb4_unicode_ci NOT NULL,
  `user_id` int(11) NOT NULL,
  `client_id` int(11) NOT NULL,
  `scopes` text COLLATE utf8mb4_unicode_ci,
  `revoked` tinyint(1) NOT NULL,
  `expires_at` datetime DEFAULT NULL,
  PRIMARY KEY (`id`)
) ENGINE=InnoDB DEFAULT CHARSET=utf8mb4 COLLATE=utf8mb4_unicode_ci;
/*!40101 SET character_set_client = @saved_cs_client */;

--
-- Dumping data for table `oauth_auth_codes`
--

LOCK TABLES `oauth_auth_codes` WRITE;
/*!40000 ALTER TABLE `oauth_auth_codes` DISABLE KEYS */;
/*!40000 ALTER TABLE `oauth_auth_codes` ENABLE KEYS */;
UNLOCK TABLES;

--
-- Table structure for table `oauth_clients`
--

DROP TABLE IF EXISTS `oauth_clients`;
/*!40101 SET @saved_cs_client     = @@character_set_client */;
/*!40101 SET character_set_client = utf8 */;
CREATE TABLE `oauth_clients` (
  `id` int(10) unsigned NOT NULL AUTO_INCREMENT,
  `user_id` int(11) DEFAULT NULL,
  `name` varchar(255) COLLATE utf8mb4_unicode_ci NOT NULL,
  `secret` varchar(100) COLLATE utf8mb4_unicode_ci NOT NULL,
  `redirect` text COLLATE utf8mb4_unicode_ci NOT NULL,
  `personal_access_client` tinyint(1) NOT NULL,
  `password_client` tinyint(1) NOT NULL,
  `revoked` tinyint(1) NOT NULL,
  `created_at` timestamp NULL DEFAULT NULL,
  `updated_at` timestamp NULL DEFAULT NULL,
  PRIMARY KEY (`id`),
  KEY `oauth_clients_user_id_index` (`user_id`)
) ENGINE=InnoDB AUTO_INCREMENT=7 DEFAULT CHARSET=utf8mb4 COLLATE=utf8mb4_unicode_ci;
/*!40101 SET character_set_client = @saved_cs_client */;

--
-- Dumping data for table `oauth_clients`
--

LOCK TABLES `oauth_clients` WRITE;
/*!40000 ALTER TABLE `oauth_clients` DISABLE KEYS */;
INSERT INTO `oauth_clients` VALUES (1,NULL,'Laravel Personal Access Client','Gta5pEIvvUlRCJoTXPy7inQV2rz2drgcbw5CE0RD','http://localhost',1,0,0,'2018-08-16 07:14:28','2018-08-16 07:14:28'),(2,NULL,'Laravel Password Grant Client','CEaxR7UQdYy7QCY6iMLSHQVrR0L6xURp4Jxio63U','http://localhost',0,1,0,'2018-08-16 07:14:28','2018-08-16 07:14:28'),(3,NULL,'Laravel Personal Access Client','LZ2XwTB3QUdJsTcNBy6LYTiwYvZkTJKNDFwIsZJ9','http://localhost',1,0,0,'2018-08-16 10:42:05','2018-08-16 10:42:05'),(4,NULL,'Laravel Password Grant Client','SQpFbTNzetO5CpPc4P7qB2KHTWkYpKrYmreORqd9','http://localhost',0,1,0,'2018-08-16 10:42:06','2018-08-16 10:42:06'),(5,NULL,'Laravel Personal Access Client','GGVjCrhLwBPeZgF9jQiImMlA968Y8vWaxq8sVG9p','http://localhost',1,0,0,'2019-03-05 07:50:54','2019-03-05 07:50:54'),(6,NULL,'Laravel Password Grant Client','RnFwt0tZvA0CWbBuR7vyfNaKTjnS0YOKImbqwO97','http://localhost',0,1,0,'2019-03-05 07:50:54','2019-03-05 07:50:54');
/*!40000 ALTER TABLE `oauth_clients` ENABLE KEYS */;
UNLOCK TABLES;

--
-- Table structure for table `oauth_personal_access_clients`
--

DROP TABLE IF EXISTS `oauth_personal_access_clients`;
/*!40101 SET @saved_cs_client     = @@character_set_client */;
/*!40101 SET character_set_client = utf8 */;
CREATE TABLE `oauth_personal_access_clients` (
  `id` int(10) unsigned NOT NULL AUTO_INCREMENT,
  `client_id` int(11) NOT NULL,
  `created_at` timestamp NULL DEFAULT NULL,
  `updated_at` timestamp NULL DEFAULT NULL,
  PRIMARY KEY (`id`),
  KEY `oauth_personal_access_clients_client_id_index` (`client_id`)
) ENGINE=InnoDB AUTO_INCREMENT=4 DEFAULT CHARSET=utf8mb4 COLLATE=utf8mb4_unicode_ci;
/*!40101 SET character_set_client = @saved_cs_client */;

--
-- Dumping data for table `oauth_personal_access_clients`
--

LOCK TABLES `oauth_personal_access_clients` WRITE;
/*!40000 ALTER TABLE `oauth_personal_access_clients` DISABLE KEYS */;
INSERT INTO `oauth_personal_access_clients` VALUES (3,5,'2019-03-05 07:50:54','2019-03-05 07:50:54');
/*!40000 ALTER TABLE `oauth_personal_access_clients` ENABLE KEYS */;
UNLOCK TABLES;

--
-- Table structure for table `oauth_refresh_tokens`
--

DROP TABLE IF EXISTS `oauth_refresh_tokens`;
/*!40101 SET @saved_cs_client     = @@character_set_client */;
/*!40101 SET character_set_client = utf8 */;
CREATE TABLE `oauth_refresh_tokens` (
  `id` varchar(100) COLLATE utf8mb4_unicode_ci NOT NULL,
  `access_token_id` varchar(100) COLLATE utf8mb4_unicode_ci NOT NULL,
  `revoked` tinyint(1) NOT NULL,
  `expires_at` datetime DEFAULT NULL,
  PRIMARY KEY (`id`),
  KEY `oauth_refresh_tokens_access_token_id_index` (`access_token_id`)
) ENGINE=InnoDB DEFAULT CHARSET=utf8mb4 COLLATE=utf8mb4_unicode_ci;
/*!40101 SET character_set_client = @saved_cs_client */;

--
-- Dumping data for table `oauth_refresh_tokens`
--

LOCK TABLES `oauth_refresh_tokens` WRITE;
/*!40000 ALTER TABLE `oauth_refresh_tokens` DISABLE KEYS */;
/*!40000 ALTER TABLE `oauth_refresh_tokens` ENABLE KEYS */;
UNLOCK TABLES;

--
-- Table structure for table `password_resets`
--

DROP TABLE IF EXISTS `password_resets`;
/*!40101 SET @saved_cs_client     = @@character_set_client */;
/*!40101 SET character_set_client = utf8 */;
CREATE TABLE `password_resets` (
  `email` varchar(255) COLLATE utf8mb4_unicode_ci NOT NULL,
  `token` varchar(255) COLLATE utf8mb4_unicode_ci NOT NULL,
  `created_at` timestamp NULL DEFAULT NULL,
  KEY `password_resets_email_index` (`email`)
) ENGINE=InnoDB DEFAULT CHARSET=utf8mb4 COLLATE=utf8mb4_unicode_ci;
/*!40101 SET character_set_client = @saved_cs_client */;

--
-- Dumping data for table `password_resets`
--

LOCK TABLES `password_resets` WRITE;
/*!40000 ALTER TABLE `password_resets` DISABLE KEYS */;
/*!40000 ALTER TABLE `password_resets` ENABLE KEYS */;
UNLOCK TABLES;

--
-- Table structure for table `product`
--

DROP TABLE IF EXISTS `product`;
/*!40101 SET @saved_cs_client     = @@character_set_client */;
/*!40101 SET character_set_client = utf8 */;
CREATE TABLE `product` (
  `id` int(11) NOT NULL AUTO_INCREMENT,
  `product` varchar(100) DEFAULT NULL,
  `users_name` varchar(255) DEFAULT NULL,
  `lang` varchar(20) DEFAULT NULL,
  `deadline` datetime DEFAULT NULL,
  `field_num` int(2) DEFAULT NULL,
  `attribute` varchar(15) DEFAULT NULL,
  `priority` tinyint(1) DEFAULT '2',
  `translate_users` varchar(255) DEFAULT NULL,
  `approve_users` varchar(255) DEFAULT NULL,
  `viewed_users` varchar(255) DEFAULT NULL,
  `status` varchar(20) DEFAULT NULL,
  `product_desc` longtext,
  `created_at` timestamp NULL DEFAULT NULL,
  `updated_at` timestamp NULL DEFAULT NULL,
  PRIMARY KEY (`id`)
) ENGINE=InnoDB AUTO_INCREMENT=2 DEFAULT CHARSET=utf8;
/*!40101 SET character_set_client = @saved_cs_client */;

--
-- Dumping data for table `product`
--

LOCK TABLES `product` WRITE;
/*!40000 ALTER TABLE `product` DISABLE KEYS */;
INSERT INTO `product` VALUES (1,'数据库','测试人员','en -> zh-CN','2019-06-11 00:00:00',6,'public',3,'[19,58]','[56]',NULL,NULL,NULL,'2019-06-10 07:35:40','2019-06-10 07:36:21');
/*!40000 ALTER TABLE `product` ENABLE KEYS */;
UNLOCK TABLES;

--
-- Table structure for table `role`
--

DROP TABLE IF EXISTS `role`;
/*!40101 SET @saved_cs_client     = @@character_set_client */;
/*!40101 SET character_set_client = utf8 */;
CREATE TABLE `role` (
  `id` int(11) NOT NULL AUTO_INCREMENT,
  `users_id` int(11) DEFAULT NULL,
  `permission` varchar(30) DEFAULT NULL,
  `product_id` int(11) DEFAULT NULL,
  `created_at` timestamp NULL DEFAULT NULL,
  `updated_at` timestamp NULL DEFAULT NULL,
  PRIMARY KEY (`id`)
) ENGINE=InnoDB AUTO_INCREMENT=24 DEFAULT CHARSET=utf8;
/*!40101 SET character_set_client = @saved_cs_client */;

--
-- Dumping data for table `role`
--

LOCK TABLES `role` WRITE;
/*!40000 ALTER TABLE `role` DISABLE KEYS */;
INSERT INTO `role` VALUES (5,26,'[\"1\",\"4\"]',5,'2019-03-06 06:23:57','2019-03-06 06:23:57'),(15,26,'[\"1\",\"4\"]',15,'2019-03-07 01:54:09','2019-03-07 01:54:09'),(16,26,'[\"1\",\"4\"]',16,'2019-03-07 02:34:33','2019-03-07 02:34:33'),(17,26,'[\"1\",\"4\"]',17,'2019-03-07 02:35:12','2019-03-07 02:35:12'),(18,27,'[\"1\",\"4\"]',18,'2019-03-08 02:28:59','2019-03-08 02:28:59'),(19,26,'[\"1\",\"4\"]',19,'2019-03-08 03:09:32','2019-03-08 03:09:32'),(20,35,'[\"1\",\"4\"]',20,'2019-03-08 03:23:26','2019-03-08 03:23:26'),(21,35,'[\"1\",\"4\"]',21,'2019-03-08 03:24:00','2019-03-08 03:24:00'),(22,26,'[\"1\",\"4\"]',22,'2019-03-11 03:47:42','2019-03-11 03:47:42'),(23,38,'[\"1\",\"4\"]',23,'2019-03-12 03:16:20','2019-03-12 03:16:20');
/*!40000 ALTER TABLE `role` ENABLE KEYS */;
UNLOCK TABLES;

--
-- Table structure for table `translate_approve`
--

DROP TABLE IF EXISTS `translate_approve`;
/*!40101 SET @saved_cs_client     = @@character_set_client */;
/*!40101 SET character_set_client = utf8 */;
CREATE TABLE `translate_approve` (
  `id` int(11) NOT NULL AUTO_INCREMENT,
  `translate_id` int(11) NOT NULL,
  `translate_job_id` int(11) NOT NULL,
  `product_id` int(11) DEFAULT NULL,
  `key` varchar(100) DEFAULT NULL,
  `translate` longtext,
  `status` varchar(20) DEFAULT NULL,
  `lang` varchar(20) DEFAULT NULL,
  `tips` varchar(255) DEFAULT NULL,
  `conflict` int(1) NOT NULL DEFAULT '0',
  `objection` varchar(255) DEFAULT NULL,
  `advise_user` varchar(20) DEFAULT NULL,
  `translate_users_name` varchar(20) DEFAULT NULL,
  `allocate_users_name` varchar(20) DEFAULT NULL,
  `approve_users_name` varchar(20) DEFAULT NULL,
  `created_at` timestamp NULL DEFAULT NULL,
  `updated_at` timestamp NULL DEFAULT NULL,
  PRIMARY KEY (`id`)
) ENGINE=InnoDB AUTO_INCREMENT=11 DEFAULT CHARSET=utf8;
/*!40101 SET character_set_client = @saved_cs_client */;

--
-- Dumping data for table `translate_approve`
--

LOCK TABLES `translate_approve` WRITE;
/*!40000 ALTER TABLE `translate_approve` DISABLE KEYS */;
INSERT INTO `translate_approve` VALUES (1,6,5,1,'[{\"6\":\"12\"}]','[{\"deletion\":\"2\"},{\"NM_003289.3(TPM2):c.654_656del (p.Glu218del)\":\"2\"},{\"HGNC:12011\":\"2\"},{\"not provided\":\"32\"},{\"germline\":\"2\"},{\"germline\":\"12\"}]','Qualified','en -> zh-CN',NULL,0,NULL,NULL,'吴渊','测试人员','上海','2019-06-10 09:16:50','2019-06-10 09:19:26'),(2,7,4,1,'[{\"7\":\"e\"}]','[{\"deletion\":\"2\"},{\"NM_003289.3(TPM2):c.654_656del (p.Glu218del)\":\"2\"},{\"HGNC:12011\":\"12\"},{\"not provided\":\"21\"},{\"germline\":\"323\"},{\"germline\":\"3\"}]','Qualified','en -> zh-CN',NULL,0,NULL,NULL,'吴渊','测试人员','上海','2019-06-10 09:17:04','2019-06-10 09:19:23'),(3,8,3,1,'[{\"8\":\"23\"}]','[{\"single nucleotide variant\":\"2\"},{\"NM_003289.3(TPM2):c.699G>T (p.Lys233Asn)\":\"12\"},{\"HGNC:12011\":\"12\"},{\"not provided\":\"32\"},{\"germline\":\"23\"},{\"germline\":\"1\"}]','Qualified','en -> zh-CN',NULL,0,NULL,NULL,'吴渊','测试人员','上海','2019-06-10 09:17:15','2019-06-10 09:19:19'),(4,9,2,1,'[{\"9\":\"23\"}]','[{\"single nucleotide variant\":\"1\"},{\"NM_003289.3(TPM2):c.699G>T (p.Lys233Asn)\":\"2\"},{\"HGNC:12011\":\"2\"},{\"not provided\":\"3\"},{\"germline\":\"4\"},{\"germline\":\"2\"}]','Qualified','en -> zh-CN',NULL,0,NULL,NULL,'吴渊','测试人员','上海','2019-06-10 09:17:26','2019-06-10 09:19:16'),(5,10,1,1,'[{\"10\":\"12\"}]','[{\"single nucleotide variant\":\"12\"},{\"NM_003289.3(TPM2):c.773-3C>A\":\"12\"},{\"HGNC:12011\":\"12\"},{\"not provided\":\"21\"},{\"germline\":\"21\"},{\"germline\":\"12\"}]','Qualified','en -> zh-CN',NULL,0,NULL,NULL,'吴渊','测试人员','上海','2019-06-10 09:17:35','2019-06-10 09:19:12'),(6,1,10,1,'[{\"1\":\"23\"}]','[{\"single nucleotide variant\":\"23\"},{\"NM_003289.3(TPM2):c.398G>C (p.Arg133Pro)\":\"2\"},{\"HGNC:12011\":\"1\"},{\"not provided\":\"1\"},{\"de novo\":\"1\"},{\"germline\":\"1\"}]','Qualified','en -> zh-CN',NULL,0,NULL,NULL,'你好','测试人员','上海','2019-06-10 09:17:56','2019-06-10 09:19:09'),(7,2,9,1,'[{\"2\":\"1\"}]','[{\"single nucleotide variant\":\"1\"},{\"NM_003289.3(TPM2):c.5A>T (p.Asp2Val)\":\"1\"},{\"HGNC:12011\":\"1\"},{\"not provided\":\"1\"},{\"germline\":\"1\"},{\"germline\":\"1\"}]','Qualified','en -> zh-CN',NULL,0,NULL,NULL,'你好','测试人员','上海','2019-06-10 09:18:05','2019-06-10 09:19:06'),(8,3,8,1,'[{\"3\":\"1\"}]','[{\"single nucleotide variant\":\"1\"},{\"NM_003289.3(TPM2):c.5A>T (p.Asp2Val)\":\"1\"},{\"HGNC:12011\":\"1\"},{\"not provided\":\"1\"},{\"germline\":\"1\"},{\"germline\":\"1\"}]','Qualified','en -> zh-CN',NULL,0,NULL,NULL,'你好','测试人员','上海','2019-06-10 09:18:14','2019-06-10 09:19:03'),(9,4,7,1,'[{\"4\":\"1\"}]','[{\"single nucleotide variant\":\"1\"},{\"NM_003289.3(TPM2):c.628C>T (p.Gln210Ter)\":\"1\"},{\"HGNC:12011\":\"1\"},{\"not provided\":\"1\"},{\"germline\":\"1\"},{\"germline\":\"1\"}]','Qualified','en -> zh-CN',NULL,0,NULL,NULL,'你好','测试人员','上海','2019-06-10 09:18:23','2019-06-10 09:19:00'),(10,5,6,1,'[{\"5\":\"1\"}]','[{\"single nucleotide variant\":\"1\"},{\"NM_003289.3(TPM2):c.628C>T (p.Gln210Ter)\":\"1\"},{\"HGNC:12011\":\"1\"},{\"not provided\":\"1\"},{\"germline\":\"1\"},{\"germline\":\"1\"}]','Qualified','en -> zh-CN',NULL,0,NULL,NULL,'你好','测试人员','上海','2019-06-10 09:18:32','2019-06-10 09:18:56');
/*!40000 ALTER TABLE `translate_approve` ENABLE KEYS */;
UNLOCK TABLES;

--
-- Table structure for table `translate_in`
--

DROP TABLE IF EXISTS `translate_in`;
/*!40101 SET @saved_cs_client     = @@character_set_client */;
/*!40101 SET character_set_client = utf8 */;
CREATE TABLE `translate_in` (
  `id` int(11) NOT NULL AUTO_INCREMENT,
  `users_name` varchar(50) DEFAULT NULL,
  `product_id` varchar(11) DEFAULT NULL,
  `key` varchar(50) DEFAULT NULL,
  `translate` longtext,
  `status` varchar(20) DEFAULT NULL,
  `created_at` timestamp NULL DEFAULT NULL,
  `updated_at` timestamp NULL DEFAULT NULL,
  PRIMARY KEY (`id`)
) ENGINE=InnoDB AUTO_INCREMENT=11 DEFAULT CHARSET=utf8;
/*!40101 SET character_set_client = @saved_cs_client */;

--
-- Dumping data for table `translate_in`
--

LOCK TABLES `translate_in` WRITE;
/*!40000 ALTER TABLE `translate_in` DISABLE KEYS */;
INSERT INTO `translate_in` VALUES (1,'测试人员','1','1','[\"single nucleotide variant\",\"NM_003289.3(TPM2):c.398G>C (p.Arg133Pro)\",\"HGNC:12011\",\"not provided\",\"de novo\",\"germline\"]','Qualified','2019-06-10 07:36:21','2019-06-10 09:19:09'),(2,'测试人员','1','2','[\"single nucleotide variant\",\"NM_003289.3(TPM2):c.5A>T (p.Asp2Val)\",\"HGNC:12011\",\"not provided\",\"germline\",\"germline\"]','Qualified','2019-06-10 07:36:21','2019-06-10 09:19:06'),(3,'测试人员','1','3','[\"single nucleotide variant\",\"NM_003289.3(TPM2):c.5A>T (p.Asp2Val)\",\"HGNC:12011\",\"not provided\",\"germline\",\"germline\"]','Qualified','2019-06-10 07:36:21','2019-06-10 09:19:03'),(4,'测试人员','1','4','[\"single nucleotide variant\",\"NM_003289.3(TPM2):c.628C>T (p.Gln210Ter)\",\"HGNC:12011\",\"not provided\",\"germline\",\"germline\"]','Qualified','2019-06-10 07:36:21','2019-06-10 09:19:00'),(5,'测试人员','1','5','[\"single nucleotide variant\",\"NM_003289.3(TPM2):c.628C>T (p.Gln210Ter)\",\"HGNC:12011\",\"not provided\",\"germline\",\"germline\"]','Qualified','2019-06-10 07:36:21','2019-06-10 09:18:56'),(6,'测试人员','1','6','[\"deletion\",\"NM_003289.3(TPM2):c.654_656del (p.Glu218del)\",\"HGNC:12011\",\"not provided\",\"germline\",\"germline\"]','Qualified','2019-06-10 07:36:21','2019-06-10 09:19:26'),(7,'测试人员','1','7','[\"deletion\",\"NM_003289.3(TPM2):c.654_656del (p.Glu218del)\",\"HGNC:12011\",\"not provided\",\"germline\",\"germline\"]','Qualified','2019-06-10 07:36:21','2019-06-10 09:19:23'),(8,'测试人员','1','8','[\"single nucleotide variant\",\"NM_003289.3(TPM2):c.699G>T (p.Lys233Asn)\",\"HGNC:12011\",\"not provided\",\"germline\",\"germline\"]','Qualified','2019-06-10 07:36:21','2019-06-10 09:19:19'),(9,'测试人员','1','9','[\"single nucleotide variant\",\"NM_003289.3(TPM2):c.699G>T (p.Lys233Asn)\",\"HGNC:12011\",\"not provided\",\"germline\",\"germline\"]','Qualified','2019-06-10 07:36:21','2019-06-10 09:19:16'),(10,'测试人员','1','10','[\"single nucleotide variant\",\"NM_003289.3(TPM2):c.773-3C>A\",\"HGNC:12011\",\"not provided\",\"germline\",\"germline\"]','Qualified','2019-06-10 07:36:21','2019-06-10 09:19:12');
/*!40000 ALTER TABLE `translate_in` ENABLE KEYS */;
UNLOCK TABLES;

--
-- Table structure for table `translate_job`
--

DROP TABLE IF EXISTS `translate_job`;
/*!40101 SET @saved_cs_client     = @@character_set_client */;
/*!40101 SET character_set_client = utf8 */;
CREATE TABLE `translate_job` (
  `id` int(11) NOT NULL AUTO_INCREMENT,
  `translate_id` int(11) NOT NULL,
  `product_id` int(11) DEFAULT NULL,
  `key` varchar(50) DEFAULT NULL,
  `translate` longtext,
  `status` varchar(20) DEFAULT NULL,
  `lang` varchar(20) DEFAULT NULL,
  `translate_users_name` varchar(50) DEFAULT NULL,
  `allocate_users_name` varchar(50) DEFAULT NULL,
  `created_at` timestamp NULL DEFAULT NULL,
  `updated_at` timestamp NULL DEFAULT NULL,
  PRIMARY KEY (`id`)
) ENGINE=InnoDB AUTO_INCREMENT=26 DEFAULT CHARSET=utf8;
/*!40101 SET character_set_client = @saved_cs_client */;

--
-- Dumping data for table `translate_job`
--

LOCK TABLES `translate_job` WRITE;
/*!40000 ALTER TABLE `translate_job` DISABLE KEYS */;
INSERT INTO `translate_job` VALUES (1,10,1,'10','[\"single nucleotide variant\",\"NM_003289.3(TPM2):c.773-3C>A\",\"HGNC:12011\",\"not provided\",\"germline\",\"germline\"]','Qualified','en -> zh-CN','吴渊','测试人员','2019-06-10 07:36:29','2019-06-10 09:19:12'),(2,9,1,'9','[\"single nucleotide variant\",\"NM_003289.3(TPM2):c.699G>T (p.Lys233Asn)\",\"HGNC:12011\",\"not provided\",\"germline\",\"germline\"]','Qualified','en -> zh-CN','吴渊','测试人员','2019-06-10 07:36:32','2019-06-10 09:19:16'),(3,8,1,'8','[\"single nucleotide variant\",\"NM_003289.3(TPM2):c.699G>T (p.Lys233Asn)\",\"HGNC:12011\",\"not provided\",\"germline\",\"germline\"]','Qualified','en -> zh-CN','吴渊','测试人员','2019-06-10 07:36:36','2019-06-10 09:19:19'),(4,7,1,'7','[\"deletion\",\"NM_003289.3(TPM2):c.654_656del (p.Glu218del)\",\"HGNC:12011\",\"not provided\",\"germline\",\"germline\"]','Qualified','en -> zh-CN','吴渊','测试人员','2019-06-10 07:36:43','2019-06-10 09:19:23'),(5,6,1,'6','[\"deletion\",\"NM_003289.3(TPM2):c.654_656del (p.Glu218del)\",\"HGNC:12011\",\"not provided\",\"germline\",\"germline\"]','Qualified','en -> zh-CN','吴渊','测试人员','2019-06-10 07:36:46','2019-06-10 09:19:26'),(6,5,1,'5','[\"single nucleotide variant\",\"NM_003289.3(TPM2):c.628C>T (p.Gln210Ter)\",\"HGNC:12011\",\"not provided\",\"germline\",\"germline\"]','Qualified','en -> zh-CN','你好','测试人员','2019-06-10 07:36:55','2019-06-10 09:18:56'),(7,4,1,'4','[\"single nucleotide variant\",\"NM_003289.3(TPM2):c.628C>T (p.Gln210Ter)\",\"HGNC:12011\",\"not provided\",\"germline\",\"germline\"]','Qualified','en -> zh-CN','你好','测试人员','2019-06-10 07:36:58','2019-06-10 09:19:00'),(8,3,1,'3','[\"single nucleotide variant\",\"NM_003289.3(TPM2):c.5A>T (p.Asp2Val)\",\"HGNC:12011\",\"not provided\",\"germline\",\"germline\"]','Qualified','en -> zh-CN','你好','测试人员','2019-06-10 07:37:01','2019-06-10 09:19:03'),(9,2,1,'2','[\"single nucleotide variant\",\"NM_003289.3(TPM2):c.5A>T (p.Asp2Val)\",\"HGNC:12011\",\"not provided\",\"germline\",\"germline\"]','Qualified','en -> zh-CN','你好','测试人员','2019-06-10 07:37:05','2019-06-10 09:19:06'),(10,1,1,'1','[\"single nucleotide variant\",\"NM_003289.3(TPM2):c.398G>C (p.Arg133Pro)\",\"HGNC:12011\",\"not provided\",\"de novo\",\"germline\"]','Qualified','en -> zh-CN','你好','测试人员','2019-06-10 07:37:09','2019-06-10 09:19:09'),(11,1,1,'1','[\"single nucleotide variant\",\"NM_003289.3(TPM2):c.398G>C (p.Arg133Pro)\",\"HGNC:12011\",\"not provided\",\"de novo\",\"germline\"]','Untranslated','en->zh_CN','wangzh66','wangzh66','2019-06-10 07:37:01','2019-06-10 07:37:01'),(12,2,1,'2','[\"single nucleotide variant\",\"NM_003289.3(TPM2):c.5A>T (p.Asp2Val)\",\"HGNC:12011\",\"not provided\",\"germline\",\"germline\"]','Untranslated','en->zh_CN','wangzh66','wangzh66','2019-06-10 07:37:01','2019-06-10 07:37:01'),(13,3,1,'3','[\"single nucleotide variant\",\"NM_003289.3(TPM2):c.5A>T (p.Asp2Val)\",\"HGNC:12011\",\"not provided\",\"germline\",\"germline\"]','Untranslated','en->zh_CN','wangzh66','wangzh66','2019-06-10 07:37:01','2019-06-10 07:37:01'),(14,4,1,'4','[\"single nucleotide variant\",\"NM_003289.3(TPM2):c.628C>T (p.Gln210Ter)\",\"HGNC:12011\",\"not provided\",\"germline\",\"germline\"]','Untranslated','en->zh_CN','wangzh66','wangzh66','2019-06-10 07:37:01','2019-06-10 07:37:01'),(15,5,1,'5','[\"single nucleotide variant\",\"NM_003289.3(TPM2):c.628C>T (p.Gln210Ter)\",\"HGNC:12011\",\"not provided\",\"germline\",\"germline\"]','Untranslated','en->zh_CN','wangzh66','wangzh66','2019-06-10 07:37:01','2019-06-10 07:37:01'),(16,6,1,'6','[\"deletion\",\"NM_003289.3(TPM2):c.654_656del (p.Glu218del)\",\"HGNC:12011\",\"not provided\",\"germline\",\"germline\"]','Untranslated','en->zh_CN','wangzh66','wangzh66','2019-06-10 07:37:01','2019-06-10 07:37:01'),(17,7,1,'7','[\"deletion\",\"NM_003289.3(TPM2):c.654_656del (p.Glu218del)\",\"HGNC:12011\",\"not provided\",\"germline\",\"germline\"]','Untranslated','en->zh_CN','wangzh66','wangzh66','2019-06-10 07:37:01','2019-06-10 07:37:01'),(18,8,1,'8','[\"single nucleotide variant\",\"NM_003289.3(TPM2):c.699G>T (p.Lys233Asn)\",\"HGNC:12011\",\"not provided\",\"germline\",\"germline\"]','Untranslated','en->zh_CN','wangzh66','wangzh66','2019-06-10 07:37:01','2019-06-10 07:37:01'),(19,9,1,'9','[\"single nucleotide variant\",\"NM_003289.3(TPM2):c.699G>T (p.Lys233Asn)\",\"HGNC:12011\",\"not provided\",\"germline\",\"germline\"]','Untranslated','en->zh_CN','wangzh66','wangzh66','2019-06-10 07:37:01','2019-06-10 07:37:01'),(20,10,1,'10','[\"single nucleotide variant\",\"NM_003289.3(TPM2):c.773-3C>A\",\"HGNC:12011\",\"not provided\",\"germline\",\"germline\"]','Untranslated','en->zh_CN','wangzh66','wangzh66','2019-06-10 07:37:01','2019-06-10 07:37:01');
/*!40000 ALTER TABLE `translate_job` ENABLE KEYS */;
UNLOCK TABLES;

--
-- Table structure for table `users`
--

DROP TABLE IF EXISTS `users`;
/*!40101 SET @saved_cs_client     = @@character_set_client */;
/*!40101 SET character_set_client = utf8 */;
CREATE TABLE `users` (
  `id` int(10) unsigned NOT NULL AUTO_INCREMENT,
  `name` varchar(255) COLLATE utf8mb4_unicode_ci DEFAULT NULL,
  `email` varchar(255) COLLATE utf8mb4_unicode_ci NOT NULL,
  `password` varchar(255) COLLATE utf8mb4_unicode_ci NOT NULL,
  `remember_token` varchar(100) COLLATE utf8mb4_unicode_ci DEFAULT NULL,
  `created_at` timestamp NULL DEFAULT NULL,
  `updated_at` timestamp NULL DEFAULT NULL,
  `phone` int(20) DEFAULT NULL,
  `status` int(2) DEFAULT '1',
  `address` varchar(255) COLLATE utf8mb4_unicode_ci DEFAULT NULL,
  `idcard` varchar(20) COLLATE utf8mb4_unicode_ci DEFAULT NULL,
  `last_time` timestamp NULL DEFAULT NULL ON UPDATE CURRENT_TIMESTAMP,
  `role` tinyint(1) NOT NULL DEFAULT '1',
  PRIMARY KEY (`id`),
  UNIQUE KEY `users_email_unique` (`email`),
  UNIQUE KEY `users_name_unique` (`name`) USING BTREE
) ENGINE=InnoDB AUTO_INCREMENT=67 DEFAULT CHARSET=utf8mb4 COLLATE=utf8mb4_unicode_ci;
/*!40101 SET character_set_client = @saved_cs_client */;

--
-- Dumping data for table `users`
--

LOCK TABLES `users` WRITE;
/*!40000 ALTER TABLE `users` DISABLE KEYS */;
INSERT INTO `users` VALUES (1,'wangzh66','wangzh66@163.com','$2y$10$dW.JwCyn3YLmxjeJaM4hxeVsQ6Miz0JIJRx2AnsvfDYjZltaGXyVS',NULL,'2018-08-16 01:00:39','2019-06-06 10:42:49',NULL,1,NULL,NULL,'2019-06-06 10:42:49',1),(2,'wangzh662','513693061@qq.com','$2y$10$dW.JwCyn3YLmxjeJaM4hxeVsQ6Miz0JIJRx2AnsvfDYjZltaGXyVS',NULL,'2018-08-16 01:27:27','2019-06-06 05:43:21',NULL,1,NULL,NULL,'2019-06-06 05:43:21',1),(6,'测试','444@163.com','$2y$10$dW.JwCyn3YLmxjeJaM4hxeVsQ6Miz0JIJRx2AnsvfDYjZltaGXyVS',NULL,'2018-08-19 18:50:59','2019-05-27 07:02:55',NULL,1,NULL,NULL,'2019-05-31 06:24:40',1),(13,'admin2','admin@sgi.com','$2y$10$dW.JwCyn3YLmxjeJaM4hxeVsQ6Miz0JIJRx2AnsvfDYjZltaGXyVS',NULL,'2018-08-19 22:30:44','2019-05-14 09:11:36',NULL,1,NULL,NULL,'2019-05-31 06:24:40',1),(19,'吴渊','yuan.wu@singleragenomics.com','$2y$10$dW.JwCyn3YLmxjeJaM4hxeVsQ6Miz0JIJRx2AnsvfDYjZltaGXyVS',NULL,'2018-09-04 08:06:05','2019-06-10 09:20:02',NULL,1,NULL,NULL,'2019-06-10 09:20:02',1),(20,'陈建','peter@163.com','$2y$10$dW.JwCyn3YLmxjeJaM4hxeVsQ6Miz0JIJRx2AnsvfDYjZltaGXyVS',NULL,'2018-11-03 05:36:35','2019-06-06 08:35:07',NULL,1,NULL,NULL,'2019-06-06 08:35:07',1),(22,'超人','rodneyqu@sgi.com','$2y$10$dW.JwCyn3YLmxjeJaM4hxeVsQ6Miz0JIJRx2AnsvfDYjZltaGXyVS',NULL,'2018-11-15 01:40:31','2018-11-15 01:40:31',NULL,1,NULL,NULL,'2019-05-31 06:24:40',1),(23,'peter','peter@qq.com','$2y$10$dW.JwCyn3YLmxjeJaM4hxeVsQ6Miz0JIJRx2AnsvfDYjZltaGXyVS',NULL,'2018-12-19 03:19:28','2019-06-06 10:55:22',NULL,1,NULL,NULL,'2019-06-06 10:55:22',1),(24,'mm','mm@163.com','$2y$10$dW.JwCyn3YLmxjeJaM4hxeVsQ6Miz0JIJRx2AnsvfDYjZltaGXyVS',NULL,'2019-01-07 08:08:31','2019-06-06 05:55:32',NULL,1,NULL,NULL,'2019-06-06 05:55:32',1),(25,'yy','yy@163.com','$2y$10$dW.JwCyn3YLmxjeJaM4hxeVsQ6Miz0JIJRx2AnsvfDYjZltaGXyVS',NULL,'2019-01-07 08:10:54','2019-06-06 06:15:18',NULL,1,NULL,NULL,'2019-06-06 06:15:18',1),(26,'周洁','0305test@163.com','$2y$10$dW.JwCyn3YLmxjeJaM4hxeVsQ6Miz0JIJRx2AnsvfDYjZltaGXyVS',NULL,'2019-03-05 08:53:42','2019-06-11 03:13:08',NULL,1,NULL,NULL,'2019-06-11 03:13:08',1),(27,'屈伟敏','weimin.qu@singleragenomics.com','$2y$10$dW.JwCyn3YLmxjeJaM4hxeVsQ6Miz0JIJRx2AnsvfDYjZltaGXyVS',NULL,'2019-03-08 02:23:48','2019-03-08 02:23:48',NULL,1,NULL,NULL,'2019-05-31 06:24:40',1),(33,'hello','hello@163.com','$2y$10$dW.JwCyn3YLmxjeJaM4hxeVsQ6Miz0JIJRx2AnsvfDYjZltaGXyVS',NULL,'2019-03-08 02:36:59','2019-03-08 02:36:59',NULL,1,NULL,NULL,'2019-05-31 06:24:40',1),(34,'world','world@163.com','$2y$10$dW.JwCyn3YLmxjeJaM4hxeVsQ6Miz0JIJRx2AnsvfDYjZltaGXyVS',NULL,'2019-03-08 02:37:41','2019-03-08 02:37:41',NULL,1,NULL,NULL,'2019-05-31 06:24:40',1),(35,'hh','hh@163.com','$2y$10$dW.JwCyn3YLmxjeJaM4hxeVsQ6Miz0JIJRx2AnsvfDYjZltaGXyVS',NULL,'2019-03-08 02:40:24','2019-03-08 02:40:24',NULL,1,NULL,NULL,'2019-05-31 06:24:40',1),(38,'黄药师','036605test@163.com','$2y$10$dW.JwCyn3YLmxjeJaM4hxeVsQ6Miz0JIJRx2AnsvfDYjZltaGXyVS',NULL,'2019-03-12 02:47:46','2019-05-29 07:20:59',NULL,1,NULL,NULL,'2019-05-31 06:24:40',1),(41,'阿派','3141592653@163.com','$2y$10$dW.JwCyn3YLmxjeJaM4hxeVsQ6Miz0JIJRx2AnsvfDYjZltaGXyVS',NULL,'2019-04-12 07:55:59','2019-05-15 08:16:26',NULL,1,NULL,NULL,'2019-05-31 06:24:40',1),(42,'Admin','Admin','$2y$10$pEeyh9.A0CYoTxBX7Ww2M.8QM0C8FxrEhkbIEVTrlv2W6.y.lS8fK',NULL,'2019-04-12 09:20:18','2019-06-10 09:00:10',NULL,1,NULL,NULL,'2019-06-10 09:00:10',2),(46,'3test','3test@163.com','$2y$10$dW.JwCyn3YLmxjeJaM4hxeVsQ6Miz0JIJRx2AnsvfDYjZltaGXyVS',NULL,'2019-04-12 09:38:40','2019-04-15 01:21:49',NULL,1,NULL,NULL,'2019-05-31 06:24:40',1),(49,'wangzhadmin','wangzh66@admin.com','$2y$10$dW.JwCyn3YLmxjeJaM4hxeVsQ6Miz0JIJRx2AnsvfDYjZltaGXyVS',NULL,'2019-04-15 03:10:46','2019-04-16 03:01:54',NULL,0,NULL,NULL,'2019-05-31 06:24:40',1),(50,'wangzhadmin2','wangzh66@admin2.com','$2y$10$dW.JwCyn3YLmxjeJaM4hxeVsQ6Miz0JIJRx2AnsvfDYjZltaGXyVS',NULL,'2019-04-16 02:20:24','2019-04-16 02:20:24',NULL,1,NULL,NULL,'2019-05-31 06:24:40',1),(51,'lmy233','lmy@163.com','$2y$10$dW.JwCyn3YLmxjeJaM4hxeVsQ6Miz0JIJRx2AnsvfDYjZltaGXyVS',NULL,'2019-04-16 02:35:35','2019-04-16 02:39:56',NULL,0,NULL,NULL,'2019-05-31 06:24:40',1),(52,'wangzhadmin3','wangzh66@admin3.com','$2y$10$dW.JwCyn3YLmxjeJaM4hxeVsQ6Miz0JIJRx2AnsvfDYjZltaGXyVS',NULL,'2019-04-16 03:06:23','2019-04-16 03:06:34',NULL,1,NULL,NULL,'2019-05-31 06:24:40',1),(53,'min.su','min.su@singleragenomics.com','$2y$10$dW.JwCyn3YLmxjeJaM4hxeVsQ6Miz0JIJRx2AnsvfDYjZltaGXyVS',NULL,'2019-05-17 09:43:12','2019-06-06 09:37:59',NULL,1,NULL,NULL,'2019-06-06 09:37:59',1),(54,'PPD','12345@test.com','$2y$10$dW.JwCyn3YLmxjeJaM4hxeVsQ6Miz0JIJRx2AnsvfDYjZltaGXyVS',NULL,'2019-05-22 07:05:57','2019-06-10 02:35:26',NULL,1,NULL,NULL,'2019-06-10 02:35:26',1),(55,'124','123456@test.com','$2y$10$dW.JwCyn3YLmxjeJaM4hxeVsQ6Miz0JIJRx2AnsvfDYjZltaGXyVS',NULL,'2019-05-22 07:06:46','2019-06-03 01:42:55',NULL,1,NULL,NULL,'2019-06-03 01:42:55',1),(56,'上海','2345@test.com','$2y$10$dW.JwCyn3YLmxjeJaM4hxeVsQ6Miz0JIJRx2AnsvfDYjZltaGXyVS',NULL,'2019-05-22 07:07:29','2019-06-10 09:20:24',NULL,1,NULL,NULL,'2019-06-10 09:20:24',1),(57,'上海hah','123122341@test.com','$2y$10$dW.JwCyn3YLmxjeJaM4hxeVsQ6Miz0JIJRx2AnsvfDYjZltaGXyVS',NULL,'2019-05-22 07:10:16','2019-06-03 01:43:37',NULL,1,NULL,NULL,'2019-06-03 01:43:37',1),(58,'你好','peter@sina.com','$2y$10$dW.JwCyn3YLmxjeJaM4hxeVsQ6Miz0JIJRx2AnsvfDYjZltaGXyVS',NULL,'2019-05-31 02:03:31','2019-06-10 09:20:17',NULL,1,NULL,NULL,'2019-06-10 09:20:17',1),(59,'测试人员','Clark@test.com','$2y$10$dW.JwCyn3YLmxjeJaM4hxeVsQ6Miz0JIJRx2AnsvfDYjZltaGXyVS',NULL,'2019-05-31 02:13:29','2019-06-10 09:42:04',NULL,1,NULL,NULL,'2019-06-10 09:42:04',1),(60,'Min Su','sumin2012@163.com','$2y$10$edi/hNxRshSH5r3Vxh59b..zYtxvNnoyWEEhSHMv4qyjFrg/hI1j.',NULL,'2019-06-06 02:17:23','2019-06-06 05:38:54',NULL,1,NULL,NULL,'2019-06-06 05:38:54',1),(61,'Flora','flora.li@163.com','$2y$10$P/sqNpvnwLsOM3NKiaJ1yuCMi5GQ.JZfETmfOsisf6kNbmSJ4Bbi.',NULL,'2019-06-06 02:18:17','2019-06-06 02:18:17',NULL,1,NULL,NULL,'2019-06-06 02:18:17',1),(62,'Ivy','ivy.zhao@163.com','$2y$10$G4UFneWeEwCBrLDdq.jTf.MdKohzixdyKHSe/spkpEgMbJvc/0Zu2',NULL,'2019-06-06 02:18:50','2019-06-06 02:18:50',NULL,1,NULL,NULL,'2019-06-06 02:18:50',1),(63,'Bart','bart.zhang@163.com','$2y$10$B2Lrhpstul5xYowi76yGeeR/03z6PIOqJXT6DihjZj.I3mM2PV9pS',NULL,'2019-06-06 02:19:22','2019-06-06 02:19:22',NULL,1,NULL,NULL,'2019-06-06 02:19:22',1),(64,'Gary','gary.liu@163.com','$2y$10$5Sl.LdFb2uWSjQCmdFuo.eHRHPwE2IypPnAB/gzI11TpIKFye63sy',NULL,'2019-06-06 02:19:48','2019-06-06 02:19:48',NULL,1,NULL,NULL,'2019-06-06 02:19:48',1),(65,'Kelly','kelly.ma@163.com','$2y$10$OQJbLJ6wHUrP8Qn4XrnrZubhB5VFth.RjhW3oKNSkBLYvMSgecrd2',NULL,'2019-06-06 02:20:16','2019-06-06 02:20:16',NULL,1,NULL,NULL,'2019-06-06 02:20:16',1),(66,'root','root@163.com','$2y$10$ugxKbQ9pOFWCXIowrox6fe8JrozT8pJbRMWFixodqGOaQCgs7vJ1K',NULL,'2019-06-10 07:47:49','2019-06-10 07:47:53',NULL,1,NULL,NULL,'2019-06-10 07:47:53',1);
/*!40000 ALTER TABLE `users` ENABLE KEYS */;
UNLOCK TABLES;

--
-- Table structure for table `version`
--

DROP TABLE IF EXISTS `version`;
/*!40101 SET @saved_cs_client     = @@character_set_client */;
/*!40101 SET character_set_client = utf8 */;
CREATE TABLE `version` (
  `id` int(11) NOT NULL AUTO_INCREMENT,
  `version_id` varchar(40) COLLATE utf8_bin NOT NULL,
  `version_name` varchar(20) COLLATE utf8_bin NOT NULL,
  `product_id` int(11) NOT NULL,
  `created_at` timestamp NOT NULL DEFAULT '0000-00-00 00:00:00' ON UPDATE CURRENT_TIMESTAMP,
  `updated_at` timestamp NOT NULL DEFAULT '0000-00-00 00:00:00' ON UPDATE CURRENT_TIMESTAMP,
  PRIMARY KEY (`id`)
) ENGINE=InnoDB AUTO_INCREMENT=4 DEFAULT CHARSET=utf8 COLLATE=utf8_bin;
/*!40101 SET character_set_client = @saved_cs_client */;

--
-- Dumping data for table `version`
--

LOCK TABLES `version` WRITE;
/*!40000 ALTER TABLE `version` DISABLE KEYS */;
INSERT INTO `version` VALUES (1,'20190610145814037561u59p1','V1.0',1,'2019-06-10 06:58:14','2019-06-10 06:58:14'),(2,'20190610145816030458u59p1','V1.1',1,'2019-06-10 06:58:16','2019-06-10 06:58:16'),(3,'20190610145817587237u59p1','V1.2',1,'2019-06-10 06:58:17','2019-06-10 06:58:17');
/*!40000 ALTER TABLE `version` ENABLE KEYS */;
UNLOCK TABLES;
/*!40103 SET TIME_ZONE=@OLD_TIME_ZONE */;

/*!40101 SET SQL_MODE=@OLD_SQL_MODE */;
/*!40014 SET FOREIGN_KEY_CHECKS=@OLD_FOREIGN_KEY_CHECKS */;
/*!40014 SET UNIQUE_CHECKS=@OLD_UNIQUE_CHECKS */;
/*!40101 SET CHARACTER_SET_CLIENT=@OLD_CHARACTER_SET_CLIENT */;
/*!40101 SET CHARACTER_SET_RESULTS=@OLD_CHARACTER_SET_RESULTS */;
/*!40101 SET COLLATION_CONNECTION=@OLD_COLLATION_CONNECTION */;
/*!40111 SET SQL_NOTES=@OLD_SQL_NOTES */;

-- Dump completed on 2019-06-11 13:47:13

-- insert administator root/123456
insert into users (name, email, password, created_at, role) values ("root", "root", '$2y$10$5WV.eTXqNXzDIOtZkwak6eKgcmeOTJyhTePCDyv5Cf6Y8MBZJdaku', now(), 2);
